"","Reviews","Price.USD.","Type"
"1",44472,19.94,"Hardcover"
"2",85837,19.38,"Hardcover"
"3",129991,3.5,"Hardcover"
"4",39679,1.99,"Paperback"
"5",55750,13.32,"Hardcover"
"6",34363,10.99,"Hardcover"
"7",31805,1.4,"Board book"
"8",28235,4.54,"Paperback"
"9",40362,1.83,"Paperback"
"10",41135,2.71,"Hardcover"
"11",33432,8.4,"Hardcover"
"12",24685,6.49,"Hardcover"
"13",31511,0.94,"Board book"
"14",87695,4.59,"Hardcover"
"15",17655,9.27,"Hardcover"
"16",38489,1.11,"Paperback"
"17",24121,12,"Hardcover"
"18",16745,18.2,"Hardcover"
"19",15867,18,"Hardcover"
"20",16651,1.64,"Paperback"
"21",33595,11.29,"Hardcover"
"22",40517,15.27,"Hardcover"
"23",39349,1.49,"Paperback"
"24",16825,3.38,"Hardcover"
"25",22924,7.87,"Hardcover"
"26",19007,1.27,"Board book"
"27",14504,1.68,"Hardcover"
"28",12334,13.48,"Hardcover"
"29",15962,2,"Hardcover"
"30",21055,0.94,"Board book"
"31",22027,0.94,"Board book"
"32",66271,1.5,"Paperback"
"33",13894,17.09,"Hardcover"
"34",30248,13.75,"Hardcover"
"35",8512,21,"Hardcover"
"36",20505,14.93,"Paperback"
"37",45329,2.75,"Paperback"
"38",20689,8.99,"Paperback"
"39",9805,1.58,"Paperback"
"40",10817,2.81,"Paperback"
"41",12700,4.31,"Hardcover"
"42",18886,7.82,"Paperback"
"43",52453,5.85,"Hardcover"
"44",9984,3.19,"Paperback"
"45",17967,1.01,"Board book"
"46",18204,15,"Hardcover"
"47",22000,5.39,"Paperback"
"48",11009,9.32,"Hardcover"
"49",12660,1.68,"Paperback"
"50",40752,19.6,"Hardcover"
"51",21965,2.35,"Paperback"
"52",14001,13.7,"Paperback"
"53",34591,4.98,"Mass Market Paperback"
"54",8214,10.08,"Hardcover"
"55",13425,0.25,"Board book"
"56",14520,1.81,"Hardcover"
"57",15681,3.17,"Paperback"
"58",38609,7.58,"Mass Market Paperback"
"59",9504,6.99,"Hardcover"
"60",13192,20,"Paperback"
"61",14084,9.47,"Paperback"
"62",12799,11.5,"Hardcover"
"63",13963,2.25,"Cards"
"64",12683,0.94,"Hardcover"
"65",22452,10,"Hardcover"
"66",9586,0.93,"Paperback"
"67",43137,3.21,"Paperback"
"68",36339,2,"Paperback"
"69",15654,14.31,"Paperback"
"70",14894,11.79,"Hardcover"
"71",11630,1.01,"Paperback"
"72",8772,5.19,"Paperback"
"73",11996,16.15,"Hardcover"
"74",11371,0.9,"Paperback"
"75",8222,3.83,"Paperback"
"76",15309,3.02,"Hardcover"
"77",29168,16.79,"Hardcover"
"78",17081,0.35,"Hardcover"
"79",16173,15.86,"Paperback"
"80",18076,1.99,"Hardcover"
"81",14325,0.35,"Board book"
"82",14706,1.22,"Board book"
"83",11459,14.91,"Hardcover"
"84",23921,5.85,"Paperback"
"85",11203,17.39,"Hardcover"
"86",10564,1.44,"Paperback"
"87",8206,7.75,"Paperback"
"88",10740,9.98,"Paperback"
"89",15957,14.75,"Paperback"
"90",12417,1.84,"Hardcover"
"91",26959,2.25,"Cards"
"92",38397,5.88,"Hardcover"
"93",27107,0.25,"Paperback"
"94",8705,3.99,"Paperback"
"95",14449,2.92,"Paperback"
"96",14233,11,"Hardcover"
"97",8914,19.85,"Hardcover"
"98",9768,2.15,"Paperback"
"99",16777,1.25,"Board book"
"100",25004,24.99,"Hardcover"
"101",129991,3.5,"Hardcover"
"102",87695,4.59,"Hardcover"
"103",40752,19.6,"Hardcover"
"104",13631,1.59,"Hardcover"
"105",24450,1.47,"Hardcover"
"106",18076,1.99,"Hardcover"
"107",12971,3.93,"Hardcover"
"108",12417,1.84,"Hardcover"
"109",40362,1.83,"Paperback"
"110",66271,1.5,"Paperback"
"111",10442,1.76,"Hardcover"
"112",45329,2.75,"Paperback"
"113",38397,5.88,"Hardcover"
"114",14001,13.7,"Paperback"
"115",11459,14.91,"Hardcover"
"116",31511,0.94,"Board book"
"117",12700,4.31,"Hardcover"
"118",11232,16.51,"Hardcover"
"119",16651,1.64,"Paperback"
"120",38489,1.11,"Paperback"
"121",7509,11.16,"Hardcover"
"122",11081,1.54,"Hardcover"
"123",21055,0.94,"Board book"
"124",31805,1.4,"Board book"
"125",17081,0.35,"Hardcover"
"126",6533,17.5,"Hardcover"
"127",8118,1.66,"Paperback"
"128",24756,11.11,"Hardcover"
"129",12205,16.93,"Hardcover"
"130",11334,1.68,"Hardcover"
"131",9974,7.99,"Paperback"
"132",20689,8.99,"Paperback"
"133",16173,15.86,"Paperback"
"134",13425,0.25,"Board book"
"135",18691,1.54,"Paperback"
"136",9999,0.7,"Paperback"
"137",12496,3.17,"Hardcover"
"138",25004,24.99,"Hardcover"
"139",52453,5.85,"Hardcover"
"140",11783,2.5,"Hardcover"
"141",36339,2,"Paperback"
"142",21065,0.76,"Paperback"
"143",7985,2.73,"Hardcover"
"144",26496,12.24,"Hardcover"
"145",19620,14.92,"Hardcover"
"146",16777,1.25,"Board book"
"147",16713,3.28,"Hardcover"
"148",22027,0.94,"Board book"
"149",15309,3.02,"Hardcover"
"150",3408,11.98,"Paperback"
"151",14449,2.92,"Paperback"
"152",38609,7.58,"Mass Market Paperback"
"153",19682,2.04,"Hardcover"
"154",16758,2.84,"Hardcover"
"155",12509,2.32,"Paperback"
"156",11653,16.44,"Paperback"
"157",26959,2.25,"Cards"
"158",22924,7.87,"Hardcover"
"159",14989,3.62,"Hardcover"
"160",16157,2.17,"Paperback"
"161",33865,9.15,"Paperback"
"162",13600,1.49,"Paperback"
"163",129991,7,"Paperback"
"164",7116,4.26,"Paperback"
"165",43137,3.21,"Paperback"
"166",10540,11.21,"Paperback"
"167",14325,0.35,"Board book"
"168",8779,13.98,"Hardcover"
"169",15733,0.94,"Board book"
"170",8118,5.87,"Paperback"
"171",15504,2.19,"Paperback"
"172",5568,15.85,"Hardcover"
"173",28189,9.99,"Hardcover"
"174",33882,12.78,"Paperback"
"175",13971,2.16,"Hardcover"
"176",6131,14.35,"Hardcover"
"177",32381,0.35,"Paperback"
"178",6841,2.57,"Paperback"
"179",11080,0.94,"Paperback"
"180",9504,6.99,"Hardcover"
"181",6054,18.6,"Hardcover"
"182",27107,0.25,"Paperback"
"183",7764,2.66,"Paperback"
"184",15510,2,"Hardcover"
"185",7995,1.4,"Hardcover"
"186",34503,4.69,"Paperback"
"187",14894,11.79,"Hardcover"
"188",14304,6.07,"Paperback"
"189",8705,3.99,"Paperback"
"190",21965,2.35,"Paperback"
"191",4288,18.95,"Hardcover"
"192",18886,7.82,"Paperback"
"193",7314,11.65,"Hardcover"
"194",14156,0.94,"Paperback"
"195",12683,0.94,"Hardcover"
"196",11371,0.9,"Paperback"
"197",5102,0.94,"Paperback"
"198",7071,5.2,"Paperback"
"199",15202,0.94,"Paperback"
"200",7444,1,"Paperback"
"201",87695,4.59,"Hardcover"
"202",24450,1.47,"Hardcover"
"203",45329,2.75,"Paperback"
"204",14704,11.1,"Hardcover"
"205",8280,0.99,"Hardcover"
"206",13154,1.35,"Hardcover"
"207",28189,9.99,"Hardcover"
"208",14894,11.79,"Hardcover"
"209",8161,0.94,"Hardcover"
"210",38397,5.88,"Hardcover"
"211",7384,10.3,"Hardcover"
"212",18691,1.54,"Paperback"
"213",10747,0.02,"Hardcover"
"214",66271,1.5,"Paperback"
"215",23921,0.18,"Board book"
"216",8554,1.14,"Hardcover"
"217",40752,19.6,"Hardcover"
"218",21065,0.76,"Paperback"
"219",9313,15.78,"Hardcover"
"220",21055,0.94,"Board book"
"221",25004,24.99,"Hardcover"
"222",6032,13.81,"Hardcover"
"223",31511,0.94,"Board book"
"224",7541,0.35,"Paperback"
"225",14762,2.96,"Hardcover"
"226",9290,3.43,"Paperback"
"227",38489,1.11,"Paperback"
"228",12417,1.84,"Hardcover"
"229",16777,1.25,"Board book"
"230",14325,0.35,"Board book"
"231",11653,16.44,"Paperback"
"232",10540,11.21,"Paperback"
"233",15733,0.94,"Board book"
"234",17081,0.35,"Hardcover"
"235",8056,1.6,"Hardcover"
"236",13425,0.25,"Board book"
"237",11459,14.91,"Hardcover"
"238",7292,0.94,"Paperback"
"239",34503,4.69,"Paperback"
"240",11081,1.54,"Hardcover"
"241",9974,7.99,"Paperback"
"242",24832,3.16,"Paperback"
"243",39349,1.51,"Hardcover"
"244",3533,1.4,"Paperback"
"245",11933,19.85,"Hardcover"
"246",40362,1.83,"Paperback"
"247",5161,10.7,"Hardcover"
"248",31994,10.78,"Paperback"
"249",15504,2.19,"Paperback"
"250",5018,18.8,"Hardcover"
"251",43137,3.21,"Paperback"
"252",26483,0.36,"Hardcover"
"253",36339,2,"Paperback"
"254",10044,3.48,"Hardcover"
"255",6081,3.54,"Paperback"
"256",4321,1.78,"Paperback"
"257",26972,2.08,"Hardcover"
"258",12868,11,"Hardcover"
"259",22027,0.94,"Board book"
"260",42975,2.05,"Paperback"
"261",13600,1.49,"Paperback"
"262",6735,10.54,"Hardcover"
"263",12511,4.33,"Hardcover"
"264",8191,0.25,"Paperback"
"265",7314,11.65,"Hardcover"
"266",1763,1.6,"Paperback"
"267",15217,0.74,"Paperback"
"268",14156,0.94,"Paperback"
"269",15805,2.3,"Hardcover"
"270",129991,3.5,"Hardcover"
"271",13712,26.69,"Hardcover"
"272",33865,9.15,"Paperback"
"273",27107,0.25,"Paperback"
"274",7995,1.4,"Hardcover"
"275",21394,12.95,"Hardcover"
"276",13053,23.5,"Hardcover"
"277",7071,5.2,"Paperback"
"278",5568,15.85,"Hardcover"
"279",13209,8.19,"Hardcover"
"280",3980,14.88,"Hardcover"
"281",11371,0.9,"Paperback"
"282",8535,1.98,"Paperback"
"283",24756,11.11,"Hardcover"
"284",7764,2.66,"Paperback"
"285",8238,1.25,"Board book"
"286",6569,3.95,"Paperback"
"287",2963,4.53,"Hardcover"
"288",23921,2.74,"Paperback"
"289",16548,3.95,"Hardcover"
"290",16713,3.28,"Hardcover"
"291",4008,4.84,"Hardcover"
"292",37870,1.93,"Paperback"
"293",16157,2.17,"Paperback"
"294",11080,0.94,"Paperback"
"295",20689,8.99,"Paperback"
"296",3039,1.84,"Hardcover"
"297",38609,7.58,"Mass Market Paperback"
"298",14989,3.62,"Hardcover"
"299",32577,42.95,"Paperback"
"300",11756,26.52,"Hardcover"
"301",15504,2.19,"Paperback"
"302",27107,0.25,"Paperback"
"303",11080,0.94,"Paperback"
"304",3851,16.65,"Hardcover"
"305",40800,14.5,"Hardcover"
"306",22027,0.94,"Board book"
"307",43137,3.21,"Paperback"
"308",6037,1.47,"Paperback"
"309",14311,12.99,"Hardcover"
"310",31805,1.4,"Board book"
"311",1546,8.71,"Hardcover"
"312",5175,1.81,"Hardcover"
"313",4467,0.25,"Paperback"
"314",7083,0.25,"Hardcover"
"315",16157,2.17,"Paperback"
"316",6959,10.93,"Hardcover"
"317",6229,0.14,"Board book"
"318",2714,1.53,"Paperback"
"319",13425,0.25,"Board book"
"320",7116,4.26,"Paperback"
"321",11002,0.01,"Paperback"
"322",6468,5.67,"Hardcover"
"323",6156,13.67,"Hardcover"
"324",9939,15.75,"Hardcover"
"325",15202,0.94,"Paperback"
"326",5563,33.47,"Hardcover"
"327",1075,15.68,"Paperback"
"328",17967,1.01,"Board book"
"329",14156,0.94,"Paperback"
"330",8802,0.94,"Board book"
"331",5146,8.99,"Hardcover"
"332",4880,0.94,"Hardcover"
"333",4642,1.61,"Paperback"
"334",9290,3.43,"Paperback"
"335",1290,14.65,"Paperback"
"336",10643,1.49,"Hardcover"
"337",4341,0.79,"Paperback"
"338",2586,0.77,"Hardcover"
"339",11167,1.94,"Paperback"
"340",4345,1.21,"Paperback"
"341",7995,1.4,"Hardcover"
"342",25004,24.99,"Hardcover"
"343",4139,0.94,"Paperback"
"344",34591,4.98,"Mass Market Paperback"
"345",15284,0.94,"Paperback"
"346",15114,15.99,"Paperback"
"347",7116,1.3,"Board book"
"348",5331,1.19,"Paperback"
"349",11734,1.67,"Hardcover"
"350",14156,0.94,"Paperback"
"351",6277,1.49,"Paperback"
"352",24139,0.35,"Paperback"
"353",1763,1.6,"Paperback"
"354",1586,16.98,"Hardcover"
"355",15114,15.99,"Paperback"
"356",22842,1.29,"Hardcover"
"357",13600,1.49,"Paperback"
"358",11309,0.98,"Paperback"
"359",11080,0.94,"Paperback"
"360",1770,13.73,"Hardcover"
"361",16777,1.25,"Board book"
"362",10248,12,"Hardcover"
"363",15510,2,"Hardcover"
"364",2240,1.64,"Hardcover"
"365",10759,5.45,"Paperback"
"366",43137,3.21,"Paperback"
"367",15504,2.19,"Paperback"
"368",15727,18.99,"Hardcover"
"369",6054,9.88,"Hardcover"
"370",16157,2.17,"Paperback"
"371",27107,0.25,"Paperback"
"372",2830,11,"Hardcover"
"373",7744,2.09,"Paperback"
"374",7510,0.25,"Board book"
"375",5259,26.95,"Hardcover"
"376",33865,12.77,"Hardcover"
"377",15957,14.75,"Paperback"
"378",9313,15.78,"Hardcover"
"379",4320,8.23,"Hardcover"
"380",4518,0.94,"Paperback"
"381",12367,3.73,"Paperback"
"382",8640,20.14,"Hardcover"
"383",42975,2.05,"Paperback"
"384",8523,1.49,"Hardcover"
"385",9889,11.5,"Paperback"
"386",14020,15,"Hardcover"
"387",3329,9.99,"Hardcover"
"388",3635,19.65,"Hardcover"
"389",6735,10.54,"Hardcover"
"390",7116,4.26,"Paperback"
"391",18691,1.54,"Paperback"
"392",4103,0.36,"Paperback"
"393",22356,4.53,"Paperback"
"394",16713,3.28,"Hardcover"
"395",7995,1.4,"Hardcover"
"396",32577,42.95,"Paperback"
"397",3711,18.49,"Hardcover"
"398",4410,2.69,"Hardcover"
"399",28480,18.9,"Hardcover"
"400",5568,15.85,"Hardcover"
"401",23921,0.18,"Board book"
"402",24756,11.11,"Hardcover"
"403",17081,0.35,"Hardcover"
"404",7476,17.99,"Hardcover"
"405",16505,4.86,"Hardcover"
"406",21055,0.94,"Board book"
"407",66271,1.5,"Paperback"
"408",10044,3.48,"Hardcover"
"409",29386,0.94,"Paperback"
"410",9342,14.45,"Hardcover"
"411",34503,4.69,"Paperback"
"412",8723,13.46,"Hardcover"
"413",8191,0.25,"Paperback"
"414",36339,1.19,"Mass Market Paperback"
"415",19975,2.11,"Hardcover"
"416",5578,1.15,"Hardcover"
"417",8671,23.68,"Hardcover"
"418",82600,0.25,"Paperback"
"419",7744,2.09,"Paperback"
"420",914,20,"Paperback"
"421",38489,1.11,"Paperback"
"422",24832,3.16,"Paperback"
"423",7405,0.25,"Board book"
"424",4359,2.4,"Hardcover"
"425",13411,3.14,"Paperback"
"426",31511,0.94,"Board book"
"427",6569,3.95,"Paperback"
"428",3655,0.01,"Pamphlet"
"429",26483,0.36,"Hardcover"
"430",12417,1.84,"Hardcover"
"431",21065,0.76,"Paperback"
"432",12061,19.99,"Hardcover"
"433",4103,0.36,"Paperback"
"434",10540,11.21,"Paperback"
"435",7269,23.99,"Hardcover"
"436",14883,10.07,"Hardcover"
"437",15217,0.74,"Paperback"
"438",15733,0.94,"Board book"
"439",22842,1.29,"Hardcover"
"440",5610,0.85,"Paperback"
"441",32577,42.95,"Paperback"
"442",14020,15,"Hardcover"
"443",22356,4.53,"Paperback"
"444",6277,1.49,"Paperback"
"445",56917,3.37,"Hardcover"
"446",26163,17.04,"Hardcover"
"447",15504,2.19,"Paperback"
"448",27107,0.25,"Paperback"
"449",11080,0.94,"Paperback"
"450",3851,16.65,"Hardcover"
"451",40800,14.5,"Hardcover"
"452",22027,0.94,"Board book"
"453",43137,3.21,"Paperback"
"454",6037,1.47,"Paperback"
"455",14311,12.99,"Hardcover"
"456",31805,1.4,"Board book"
"457",1546,8.71,"Hardcover"
"458",5175,1.81,"Hardcover"
"459",4467,0.25,"Paperback"
"460",7083,0.25,"Hardcover"
"461",16157,2.17,"Paperback"
"462",6959,10.93,"Hardcover"
"463",6229,0.14,"Board book"
"464",2714,1.53,"Paperback"
"465",13425,0.25,"Board book"
"466",7116,4.26,"Paperback"
"467",11002,0.01,"Paperback"
"468",6468,5.67,"Hardcover"
"469",6156,13.67,"Hardcover"
"470",9939,15.75,"Hardcover"
"471",15202,0.94,"Paperback"
"472",5563,33.47,"Hardcover"
"473",1075,15.68,"Paperback"
"474",17967,1.01,"Board book"
"475",14156,0.94,"Paperback"
"476",8802,0.94,"Board book"
"477",5146,8.99,"Hardcover"
"478",4880,0.94,"Hardcover"
"479",4642,1.61,"Paperback"
"480",9290,3.43,"Paperback"
"481",1290,14.65,"Paperback"
"482",10643,1.49,"Hardcover"
"483",4341,0.79,"Paperback"
"484",2586,0.77,"Hardcover"
"485",11167,1.94,"Paperback"
"486",4345,1.21,"Paperback"
"487",7995,1.4,"Hardcover"
"488",25004,24.99,"Hardcover"
"489",4139,0.94,"Paperback"
"490",34591,4.98,"Mass Market Paperback"
"491",15284,0.94,"Paperback"
"492",15114,15.99,"Paperback"
"493",7116,1.3,"Board book"
"494",5331,1.19,"Paperback"
"495",11734,1.67,"Hardcover"
"496",23921,0.18,"Board book"
"497",24756,11.11,"Hardcover"
"498",8191,0.25,"Paperback"
"499",11168,1.94,"Paperback"
"500",5568,15.85,"Hardcover"
"501",7496,18.97,"Hardcover"
"502",6281,1.49,"Paperback"
"503",40800,14.5,"Hardcover"
"504",82600,14.86,"Hardcover"
"505",3532,1.29,"Paperback"
"506",8457,14.99,"Hardcover"
"507",36339,1.19,"Mass Market Paperback"
"508",3352,0.35,"Paperback"
"509",2714,1.53,"Paperback"
"510",3616,14.98,"Hardcover"
"511",41495,0.94,"Paperback"
"512",17081,0.35,"Hardcover"
"513",4467,0.25,"Paperback"
"514",15733,0.94,"Board book"
"515",11734,1.67,"Hardcover"
"516",6860,1.63,"Paperback"
"517",22842,1.29,"Hardcover"
"518",7744,2.09,"Paperback"
"519",28740,12.25,"Paperback"
"520",4411,0.79,"Paperback"
"521",34503,4.69,"Paperback"
"522",66271,1.5,"Paperback"
"523",2052,1.14,"Paperback"
"524",4341,0.79,"Paperback"
"525",12061,19.99,"Hardcover"
"526",21055,0.94,"Board book"
"527",26483,0.36,"Hardcover"
"528",6569,3.95,"Paperback"
"529",38489,1.11,"Paperback"
"530",12890,25.74,"Hardcover"
"531",27107,0.25,"Paperback"
"532",31511,0.94,"Board book"
"533",10540,11.21,"Paperback"
"534",14883,10.07,"Hardcover"
"535",7495,0.25,"Board book"
"536",10643,1.49,"Hardcover"
"537",6540,15.03,"Hardcover"
"538",2299,0.79,"Paperback"
"539",56917,3.37,"Hardcover"
"540",4707,6.99,"Hardcover"
"541",2255,1.09,"Hardcover"
"542",5612,13.96,"Hardcover"
"543",5331,1.19,"Paperback"
"544",16976,0.35,"Mass Market Paperback"
"545",10044,3.48,"Hardcover"
"546",5987,0.87,"Paperback"
"547",11080,0.94,"Paperback"
"548",4139,15.25,"Paperback"
"549",3851,16.65,"Hardcover"
"550",1334,0.59,"Paperback"
"551",22356,4.53,"Paperback"
"552",16157,2.17,"Paperback"
"553",17967,1.01,"Board book"
"554",3280,1.54,"Hardcover"
"555",12068,2.75,"Hardcover"
"556",8456,0.35,"Paperback"
"557",30766,12.61,"Paperback"
"558",2607,12.95,"Hardcover"
"559",4313,0.59,"Hardcover"
"560",7995,1.4,"Hardcover"
"561",15504,2.19,"Paperback"
"562",14156,0.94,"Paperback"
"563",8802,0.94,"Board book"
"564",2606,6.42,"Hardcover"
"565",8185,25.54,"Hardcover"
"566",7405,0.25,"Board book"
"567",3163,19.5,"Paperback"
"568",2532,1.1,"Paperback"
"569",8640,152,"Paperback"
"570",3346,1.36,"Paperback"
"571",5750,10.45,"Hardcover"
"572",5610,0.85,"Paperback"
"573",3477,14.93,"Paperback"
"574",7050,1.56,"Hardcover"
"575",2424,17.9,"Hardcover"
"576",7510,0.25,"Board book"
"577",43137,3.21,"Paperback"
"578",4290,0.25,"Board book"
"579",1538,1.18,"Paperback"
"580",1906,0.35,"Board book"
"581",15202,0.94,"Paperback"
"582",15114,15.99,"Paperback"
"583",4139,0.94,"Paperback"
"584",34591,4.98,"Mass Market Paperback"
"585",5604,16.14,"Paperback"
"586",6156,13.67,"Hardcover"
"587",1700,9.99,"Hardcover"
"588",7817,1.6,"Hardcover"
"589",7116,1.3,"Board book"
"590",22027,0.94,"Board book"
"591",8766,1.39,"Paperback"
"592",23594,11.99,"Mass Market Paperback"
"593",12780,18.35,"Hardcover"
"594",959,7.5,"Paperback"
"595",16430,0.94,"Mass Market Paperback"
"596",5568,15.85,"Hardcover"
"597",4519,8.67,"Hardcover"
"598",8191,0.25,"Paperback"
"599",52859,0.35,"Paperback"
"600",8158,23.65,"Hardcover"
"601",11172,14.8,"Hardcover"
"602",12068,2.75,"Hardcover"
"603",8474,11.24,"Hardcover"
"604",22842,1.29,"Hardcover"
"605",30766,12.61,"Paperback"
"606",3346,1.36,"Paperback"
"607",11734,1.67,"Hardcover"
"608",28681,16.5,"Paperback"
"609",52859,10.89,"Hardcover"
"610",17081,0.35,"Hardcover"
"611",36339,1.19,"Mass Market Paperback"
"612",59742,15.2,"Paperback"
"613",26303,0.94,"Paperback"
"614",1334,0.59,"Paperback"
"615",4164,22.16,"Hardcover"
"616",36229,20.99,"Hardcover"
"617",8640,152,"Paperback"
"618",26483,0.36,"Hardcover"
"619",10643,1.49,"Hardcover"
"620",4349,12.12,"Hardcover"
"621",3984,1.19,"Paperback"
"622",4467,0.25,"Paperback"
"623",1025,7.11,"Paperback"
"624",10540,11.21,"Paperback"
"625",1906,0.35,"Board book"
"626",1607,22.8,"Hardcover"
"627",23921,0.18,"Board book"
"628",8412,0.25,"Paperback"
"629",23594,11.99,"Mass Market Paperback"
"630",18832,13.67,"Hardcover"
"631",3364,12.73,"Hardcover"
"632",22651,0.25,"Paperback"
"633",7744,2.09,"Paperback"
"634",34503,4.69,"Paperback"
"635",31511,0.94,"Board book"
"636",40800,14.5,"Hardcover"
"637",6472,10.88,"Hardcover"
"638",30766,21.07,"Hardcover"
"639",12061,19.99,"Hardcover"
"640",43137,39.27,"Paperback"
"641",10181,0.35,"Paperback"
"642",11080,0.94,"Paperback"
"643",6860,1.63,"Paperback"
"644",27107,0.25,"Paperback"
"645",11445,0.25,"Paperback"
"646",7117,13.45,"Hardcover"
"647",4515,19.7,"Hardcover"
"648",3851,16.65,"Hardcover"
"649",38489,1.11,"Paperback"
"650",6569,3.95,"Paperback"
"651",2521,15.98,"Hardcover"
"652",1247,16,"Hardcover"
"653",905,0.25,"Paperback"
"654",7911,8.45,"Hardcover"
"655",16157,2.17,"Paperback"
"656",2641,59.96,"Hardcover"
"657",16168,0.25,"Paperback"
"658",4943,1.49,"Hardcover"
"659",3500,2.38,"Hardcover"
"660",15733,0.94,"Board book"
"661",7405,0.25,"Board book"
"662",5327,20.43,"Hardcover"
"663",693,1.24,"Paperback"
"664",22354,16.98,"Hardcover"
"665",3477,14.93,"Paperback"
"666",7050,1.56,"Hardcover"
"667",6667,13.2,"Hardcover"
"668",15272,20.85,"Hardcover"
"669",16430,0.94,"Mass Market Paperback"
"670",5610,0.85,"Paperback"
"671",15078,0.85,"Mass Market Paperback"
"672",237,1.23,"Hardcover"
"673",14156,0.94,"Paperback"
"674",5426,24.95,"Hardcover"
"675",15504,2.19,"Paperback"
"676",10294,0.97,"Hardcover"
"677",8456,0.35,"Paperback"
"678",4139,0.94,"Paperback"
"679",34591,4.98,"Mass Market Paperback"
"680",15202,0.94,"Paperback"
"681",6623,2.23,"Hardcover"
"682",13425,0.25,"Board book"
"683",12255,1.99,"Paperback"
"684",8372,14.35,"Hardcover"
"685",21055,0.94,"Board book"
"686",646,28.98,"Hardcover"
"687",13465,0.35,"Mass Market Paperback"
"688",22356,4.74,"Paperback"
"689",5604,16.14,"Paperback"
"690",616,0.25,"Paperback"
"691",15284,12.89,"Mass Market Paperback"
"692",17967,1.01,"Board book"
"693",2919,22.5,"Paperback"
"694",656,21.24,"Hardcover"
"695",3974,11.98,"Hardcover"
"696",5568,15.85,"Hardcover"
"697",6667,13.2,"Hardcover"
"698",8489,22.39,"Hardcover"
"699",7911,8.45,"Hardcover"
"700",22842,1.29,"Hardcover"
"701",30965,14.99,"Hardcover"
"702",8826,1.58,"Hardcover"
"703",7329,15.89,"Hardcover"
"704",11080,0.94,"Paperback"
"705",11963,19.5,"Hardcover"
"706",14275,10.49,"Paperback"
"707",8640,152,"Paperback"
"708",1334,0.59,"Paperback"
"709",52859,10.89,"Hardcover"
"710",26303,0.94,"Paperback"
"711",26483,0.36,"Hardcover"
"712",3984,1.19,"Paperback"
"713",10540,11.21,"Paperback"
"714",28681,16.5,"Paperback"
"715",8191,0.25,"Paperback"
"716",17081,0.35,"Hardcover"
"717",5448,27.55,"Hardcover"
"718",5866,3.85,"Mass Market Paperback"
"719",7117,13.45,"Hardcover"
"720",13074,16.99,"Hardcover"
"721",4164,22.16,"Hardcover"
"722",6429,9.95,"Hardcover"
"723",18311,2.12,"Hardcover"
"724",4467,0.25,"Paperback"
"725",36229,20.99,"Hardcover"
"726",38489,1.11,"Paperback"
"727",59742,18.11,"Hardcover"
"728",5291,28.18,"Hardcover"
"729",12255,1.99,"Paperback"
"730",10294,0.97,"Hardcover"
"731",26008,37.49,"Hardcover"
"732",7911,12.77,"Hardcover"
"733",3316,5.75,"Hardcover"
"734",11734,1.67,"Hardcover"
"735",4377,18.99,"Hardcover"
"736",31511,0.94,"Board book"
"737",1662,5.97,"Hardcover"
"738",1286,35.02,"Paperback"
"739",5161,0.94,"Paperback"
"740",51632,14.01,"Paperback"
"741",237,1.23,"Hardcover"
"742",2549,15.9,"Hardcover"
"743",5987,4.57,"Paperback"
"744",36339,1.19,"Mass Market Paperback"
"745",3851,16.65,"Hardcover"
"746",5568,15.85,"Hardcover"
"747",6667,13.2,"Hardcover"
"748",8489,22.39,"Hardcover"
"749",7911,8.45,"Hardcover"
"750",22842,1.29,"Hardcover"
"751",30965,14.99,"Hardcover"
"752",8826,1.58,"Hardcover"
"753",7329,15.89,"Hardcover"
"754",11080,0.94,"Paperback"
"755",11963,19.5,"Hardcover"
"756",14275,10.49,"Paperback"
"757",8640,152,"Paperback"
"758",1334,0.59,"Paperback"
"759",52859,10.89,"Hardcover"
"760",26303,0.94,"Paperback"
"761",26483,0.36,"Hardcover"
"762",3984,1.19,"Paperback"
"763",10540,11.21,"Paperback"
"764",28681,16.5,"Paperback"
"765",8191,0.25,"Paperback"
"766",17081,0.35,"Hardcover"
"767",5448,27.55,"Hardcover"
"768",5866,3.85,"Mass Market Paperback"
"769",7117,13.45,"Hardcover"
"770",13074,16.99,"Hardcover"
"771",4164,22.16,"Hardcover"
"772",6429,9.95,"Hardcover"
"773",18311,2.12,"Hardcover"
"774",4467,0.25,"Paperback"
"775",36229,20.99,"Hardcover"
"776",38489,1.11,"Paperback"
"777",59742,18.11,"Hardcover"
"778",5291,28.18,"Hardcover"
"779",12255,1.99,"Paperback"
"780",10294,0.97,"Hardcover"
"781",26008,37.49,"Hardcover"
"782",7911,12.77,"Hardcover"
"783",3316,5.75,"Hardcover"
"784",11734,1.67,"Hardcover"
"785",4377,18.99,"Hardcover"
"786",31511,0.94,"Board book"
"787",1662,5.97,"Hardcover"
"788",1286,35.02,"Paperback"
"789",5161,0.94,"Paperback"
"790",51632,14.01,"Paperback"
"791",237,1.23,"Hardcover"
"792",2549,15.9,"Hardcover"
"793",5987,4.57,"Paperback"
"794",36339,1.19,"Mass Market Paperback"
"795",3851,16.65,"Hardcover"
"796",51632,14.01,"Paperback"
"797",26769,0.32,"Paperback"
"798",22665,0.2,"Paperback"
"799",34232,0.5,"Paperback"
"800",5568,15.85,"Hardcover"
"801",29365,3.62,"Paperback"
"802",24964,9.49,"Hardcover"
"803",29102,0.25,"Hardcover"
"804",7838,13.95,"Hardcover"
"805",8543,18.9,"Hardcover"
"806",20098,48.05,"Hardcover"
"807",59742,18.11,"Hardcover"
"808",7910,1.6,"Hardcover"
"809",1334,0.59,"Paperback"
"810",5866,3.85,"Mass Market Paperback"
"811",8952,19.9,"Hardcover"
"812",10540,11.21,"Paperback"
"813",9726,14.83,"Hardcover"
"814",30766,21.07,"Hardcover"
"815",14275,10.49,"Paperback"
"816",3984,1.19,"Paperback"
"817",1561,5.43,"Hardcover"
"818",15114,20.1,"Hardcover"
"819",9762,16.74,"Hardcover"
"820",13928,4.95,"Paperback"
"821",13349,4.75,"Hardcover"
"822",8567,16.85,"Hardcover"
"823",7911,12.77,"Hardcover"
"824",17081,0.35,"Hardcover"
"825",1286,35.02,"Paperback"
"826",3851,16.65,"Hardcover"
"827",12255,19.14,"Hardcover"
"828",11080,0.94,"Paperback"
"829",16023,28.59,"Hardcover"
"830",2005,20.84,"Hardcover"
"831",10294,0.97,"Hardcover"
"832",11581,1.4,"Paperback"
"833",52859,10.89,"Hardcover"
"834",2771,17.69,"Hardcover"
"835",3638,12.39,"Hardcover"
"836",18728,20,"Hardcover"
"837",12305,22.65,"Hardcover"
"838",3409,4.89,"Hardcover"
"839",6035,21.05,"Hardcover"
"840",16168,0.25,"Paperback"
"841",22842,1.29,"Hardcover"
"842",7505,0.94,"Paperback"
"843",2180,27.99,"Hardcover"
"844",3974,11.98,"Hardcover"
"845",2631,8.97,"Hardcover"
"846",1402,9.82,"Hardcover"
"847",3477,14.93,"Paperback"
"848",4870,5.64,"Paperback"
"849",1543,20.53,"Hardcover"
"850",7066,1.25,"Paperback"
"851",13860,19.99,"Hardcover"
"852",544,17.84,"Hardcover"
"853",799,1.98,"Hardcover"
"854",16976,22.04,"Hardcover"
"855",13840,1.49,"Paperback"
"856",711,20.12,"Paperback"
"857",10637,15,"Paperback"
"858",38489,1.11,"Paperback"
"859",1711,24.4,"Hardcover"
"860",2535,22.75,"Hardcover"
"861",1677,17.96,"Paperback"
"862",13155,1.49,"Hardcover"
"863",5896,21.05,"Hardcover"
"864",832,16.27,"Hardcover"
"865",7505,16.51,"Mass Market Paperback"
"866",9523,14.3,"Paperback"
"867",9633,14.4,"Hardcover"
"868",26303,0.94,"Paperback"
"869",613,20.25,"Paperback"
"870",3026,17.9,"Hardcover"
"871",3177,14.5,"Hardcover"
"872",5604,16.14,"Paperback"
"873",2053,1.27,"Paperback"
"874",7050,1.56,"Hardcover"
"875",6283,15.45,"Hardcover"
"876",2490,44.1,"Hardcover"
"877",4189,1.45,"Paperback"
"878",43137,39.27,"Paperback"
"879",34232,9.95,"Hardcover"
"880",1458,13.6,"Hardcover"
"881",26483,0.36,"Hardcover"
"882",44,22.45,"Hardcover"
"883",3827,14.69,"Paperback"
"884",8914,4.9,"Paperback"
"885",24964,0.99,"Paperback"
"886",6819,5.98,"Hardcover"
"887",6104,12.7,"Hardcover"
"888",6330,13.66,"Paperback"
"889",1151,40.09,"Hardcover"
"890",3992,14.98,"Hardcover"
"891",122,13.5,"Hardcover"
"892",4877,15.95,"Paperback"
"893",3818,1.49,"Hardcover"
"894",5610,0.85,"Paperback"
"895",8567,16.85,"Hardcover"
"896",16168,0.25,"Paperback"
"897",6104,12.7,"Hardcover"
"898",5568,15.85,"Hardcover"
"899",34232,0.5,"Paperback"
"900",30766,21.07,"Hardcover"
"901",6186,2.54,"Hardcover"
"902",13155,1.49,"Hardcover"
"903",29102,0.25,"Hardcover"
"904",5866,3.85,"Mass Market Paperback"
"905",24964,9.49,"Hardcover"
"906",2535,22.75,"Hardcover"
"907",13860,19.99,"Hardcover"
"908",5660,9.99,"Hardcover"
"909",9726,14.83,"Hardcover"
"910",10540,11.21,"Paperback"
"911",14877,8.99,"Paperback"
"912",11581,1.4,"Paperback"
"913",2274,3.02,"Hardcover"
"914",1334,0.59,"Paperback"
"915",22842,1.29,"Hardcover"
"916",20098,48.05,"Hardcover"
"917",5310,0.65,"Paperback"
"918",6582,12.99,"Hardcover"
"919",5208,19.99,"Hardcover"
"920",5215,29.9,"Hardcover"
"921",3984,1.19,"Paperback"
"922",1677,17.96,"Paperback"
"923",4674,19.95,"Hardcover"
"924",8561,17,"Hardcover"
"925",9292,12.57,"Paperback"
"926",3851,16.65,"Hardcover"
"927",6035,21.05,"Hardcover"
"928",3638,12.39,"Hardcover"
"929",1286,35.02,"Paperback"
"930",2233,26.99,"Hardcover"
"931",1973,1.4,"Hardcover"
"932",2445,14.11,"Hardcover"
"933",3974,11.98,"Hardcover"
"934",6940,16.29,"Hardcover"
"935",1791,22,"Hardcover"
"936",14877,0.25,"Paperback"
"937",15114,20.1,"Hardcover"
"938",4055,23.48,"Hardcover"
"939",2273,9.22,"Paperback"
"940",13158,0.94,"Paperback"
"941",711,20.12,"Paperback"
"942",7505,0.94,"Paperback"
"943",4877,15.95,"Paperback"
"944",3477,14.93,"Paperback"
"945",6182,17.97,"Hardcover"
"946",529,18.89,"Hardcover"
"947",11632,9.99,"Paperback"
"948",1219,32.79,"Hardcover"
"949",2441,14.49,"Hardcover"
"950",969,1.99,"Hardcover"
"951",11002,14.16,"Hardcover"
"952",3425,24.15,"Hardcover"
"953",11080,0.94,"Paperback"
"954",14877,14.96,"Hardcover"
"955",2755,7.99,"Hardcover"
"956",1457,15,"Hardcover"
"957",9633,14.4,"Hardcover"
"958",1711,24.4,"Hardcover"
"959",1329,51.99,"Paperback"
"960",11309,0.98,"Paperback"
"961",26303,0.94,"Paperback"
"962",11019,8.4,"Hardcover"
"963",17081,0.35,"Hardcover"
"964",825,0.95,"Hardcover"
"965",4470,29.79,"Hardcover"
"966",688,21.54,"Hardcover"
"967",613,20.25,"Paperback"
"968",402,1.5,"Hardcover"
"969",2599,25.98,"Hardcover"
"970",1945,12.69,"Paperback"
"971",3827,1.4,"Paperback"
"972",32577,42.95,"Paperback"
"973",2857,15.1,"Hardcover"
"974",6330,13.66,"Paperback"
"975",2070,27,"Hardcover"
"976",5764,15.25,"Hardcover"
"977",8001,0.94,"Paperback"
"978",4508,0.94,"Paperback"
"979",4006,0.94,"Paperback"
"980",6156,13.67,"Hardcover"
"981",13840,1.49,"Paperback"
"982",2053,1.27,"Paperback"
"983",8022,0.02,"Paperback"
"984",945,2.51,"Paperback"
"985",43137,39.27,"Paperback"
"986",3603,14,"Paperback"
"987",1819,17.28,"Hardcover"
"988",712,15.77,"Hardcover"
"989",3339,1.5,"Paperback"
"990",2254,17.99,"Hardcover"
"991",3981,1.82,"Paperback"
"992",7720,9.99,"Paperback"
"993",255,32.88,"Paperback"
"994",8561,17,"Hardcover"
"995",11632,9.99,"Paperback"
"996",2212,21.99,"Hardcover"
"997",14877,14.96,"Hardcover"
"998",8022,0.02,"Paperback"
"999",5493,10.36,"Hardcover"
"1000",5568,15.85,"Hardcover"
"1001",29102,0.25,"Hardcover"
"1002",1503,11.15,"Hardcover"
"1003",10540,11.21,"Paperback"
"1004",532,18.96,"Hardcover"
"1005",3981,18.59,"Hardcover"
"1006",1784,9.39,"Paperback"
"1007",30766,21.07,"Hardcover"
"1008",2255,12.59,"Hardcover"
"1009",1416,12.14,"Hardcover"
"1010",1677,17.96,"Paperback"
"1011",3406,24.89,"Hardcover"
"1012",3194,20.56,"Hardcover"
"1013",5310,0.65,"Paperback"
"1014",487,16.28,"Hardcover"
"1015",1334,0.59,"Paperback"
"1016",1281,13.99,"Hardcover"
"1017",11581,2.01,"Hardcover"
"1018",5764,15.25,"Hardcover"
"1019",711,20.12,"Paperback"
"1020",13840,25,"Hardcover"
"1021",24964,9.49,"Hardcover"
"1022",3851,16.65,"Hardcover"
"1023",3974,11.98,"Hardcover"
"1024",3369,0.01,"Paperback"
"1025",1490,15.3,"Paperback"
"1026",3900,18.4,"Hardcover"
"1027",2070,27,"Hardcover"
"1028",500,2.18,"Paperback"
"1029",6644,1,"Hardcover"
"1030",2441,14.49,"Hardcover"
"1031",13158,0.94,"Paperback"
"1032",3984,1.19,"Paperback"
"1033",489,0.36,"Hardcover"
"1034",3339,18.19,"Hardcover"
"1035",2702,0.36,"Hardcover"
"1036",662,1.98,"Board book"
"1037",1556,0.03,"Paperback"
"1038",784,21.72,"Hardcover"
"1039",466,2.99,"Paperback"
"1040",2273,9.22,"Paperback"
"1041",2847,5.48,"Hardcover"
"1042",3981,0.25,"Paperback"
"1043",34232,9.95,"Hardcover"
"1044",1286,35.02,"Paperback"
"1045",1185,12.85,"Hardcover"
"1046",1985,17,"Hardcover"
"1047",1985,10.1,"Hardcover"
"1048",7720,18.74,"Hardcover"
"1049",12490,34.14,"Hardcover"
"1050",6409,12.79,"Paperback"
"1051",6409,7.16,"Paperback"
"1052",76,23.68,"Hardcover"
"1053",3901,23.99,"Hardcover"
"1054",878,11.9,"Hardcover"
"1055",1265,11.59,"Paperback"
"1056",3992,14.98,"Hardcover"
"1057",4006,0.94,"Paperback"
"1058",2561,1,"Paperback"
"1059",944,18.49,"Spiral-bound"
"1060",5899,0.87,"Paperback"
"1061",11019,8.4,"Hardcover"
"1062",2460,23.18,"Hardcover"
"1063",1941,12.9,"Hardcover"
"1064",2027,22,"Hardcover"
"1065",1100,13.49,"Hardcover"
"1066",22842,1.29,"Hardcover"
"1067",558,14,"Hardcover"
"1068",4791,0.01,"Hardcover"
"1069",2541,0.99,"Paperback"
"1070",3845,13.13,"Hardcover"
"1071",9010,15.39,"Hardcover"
"1072",619,11.23,"Hardcover"
"1073",1274,19.99,"Hardcover"
"1074",982,40.26,"Hardcover"
"1075",11309,0.98,"Paperback"
"1076",20793,0.01,"Paperback"
"1077",11874,0.36,"Hardcover"
"1078",1089,32.97,"Mass Market Paperback"
"1079",10209,0.35,"Paperback"
"1080",4508,0.94,"Paperback"
"1081",5208,19.99,"Hardcover"
"1082",607,1.49,"Paperback"
"1083",1173,9.7,"Paperback"
"1084",613,20.25,"Paperback"
"1085",1115,0.35,"Paperback"
"1086",26303,0.94,"Paperback"
"1087",15078,1.49,"Paperback"
"1088",4877,15.95,"Paperback"
"1089",4105,23.62,"Hardcover"
"1090",2715,21.56,"Hardcover"
"1091",1912,13.69,"Paperback"
"1092",744,17.89,"Hardcover"
"1093",9633,14.4,"Hardcover"
"1094",9894,19.95,"Hardcover"
"1095",20793,0.01,"Paperback"
"1096",4158,22.3,"Hardcover"
"1097",11874,0.36,"Hardcover"
"1098",1640,10.99,"Hardcover"
"1099",5568,15.85,"Hardcover"
"1100",14877,14.96,"Hardcover"
"1101",7368,3.95,"Paperback"
"1102",4336,75.4,"Hardcover"
"1103",13840,25,"Hardcover"
"1104",7621,14.89,"Hardcover"
"1105",14891,0.65,"Paperback"
"1106",1403,10.1,"Paperback"
"1107",3369,0.01,"Paperback"
"1108",2155,17,"Paperback"
"1109",5703,19.99,"Hardcover"
"1110",4296,10.89,"Hardcover"
"1111",7341,20.99,"Hardcover"
"1112",5473,0.91,"Hardcover"
"1113",10209,0.35,"Paperback"
"1114",784,12,"Paperback"
"1115",855,15.98,"Hardcover"
"1116",3845,13.13,"Hardcover"
"1117",1009,14.05,"Mass Market Paperback"
"1118",4232,13.2,"Paperback"
"1119",10540,11.21,"Paperback"
"1120",472,14.9,"Hardcover"
"1121",11632,9.99,"Paperback"
"1122",1940,2.75,"Paperback"
"1123",3974,11.98,"Hardcover"
"1124",7621,1.33,"Paperback"
"1125",17149,1.94,"Hardcover"
"1126",3851,16.65,"Hardcover"
"1127",6082,7.2,"Paperback"
"1128",1847,10.16,"Hardcover"
"1129",1036,18,"Paperback"
"1130",1808,28.39,"Hardcover"
"1131",4006,0.94,"Paperback"
"1132",1677,17.96,"Paperback"
"1133",6644,1,"Hardcover"
"1134",2215,0.25,"Paperback"
"1135",1620,0.25,"Hardcover"
"1136",8022,27,"Hardcover"
"1137",4348,0.75,"Hardcover"
"1138",66271,13.88,"Paperback"
"1139",4957,9.99,"Paperback"
"1140",1286,35.02,"Paperback"
"1141",1008,49.9,"Hardcover"
"1142",44,1.63,"Hardcover"
"1143",2279,14.68,"Hardcover"
"1144",4791,0.01,"Hardcover"
"1145",4422,1.26,"Hardcover"
"1146",1569,11.55,"Paperback"
"1147",696,0.59,"Paperback"
"1148",815,15,"Paperback"
"1149",7720,18.74,"Hardcover"
"1150",732,9.99,"Hardcover"
"1151",3992,14.98,"Hardcover"
"1152",26303,0.94,"Paperback"
"1153",1827,17.1,"Hardcover"
"1154",5585,18,"Hardcover"
"1155",2561,1,"Paperback"
"1156",8085,21.8,"Hardcover"
"1157",791,11.9,"Hardcover"
"1158",1975,19.99,"Hardcover"
"1159",1055,19.4,"Hardcover"
"1160",5604,0.94,"Paperback"
"1161",8241,15.98,"Hardcover"
"1162",5492,16.99,"Hardcover"
"1163",9869,21.97,"Hardcover"
"1164",2470,18.47,"Hardcover"
"1165",4705,1.35,"Paperback"
"1166",1849,14.99,"Hardcover"
"1167",232,10.49,"Paperback"
"1168",3603,14,"Paperback"
"1169",34503,4.69,"Paperback"
"1170",1334,0.59,"Paperback"
"1171",1826,9.5,"Hardcover"
"1172",3981,0.25,"Paperback"
"1173",1214,0.01,"Mass Market Paperback"
"1174",7418,25.14,"Hardcover"
"1175",34232,9.95,"Hardcover"
"1176",342,12,"Hardcover"
"1177",1135,1.25,"Paperback"
"1178",846,18.78,"Hardcover"
"1179",1394,16.42,"Hardcover"
"1180",607,1.49,"Paperback"
"1181",1724,17.35,"Hardcover"
"1182",1641,8.78,"Hardcover"
"1183",2074,32.86,"Hardcover"
"1184",255,0.25,"Paperback"
"1185",1779,17,"Hardcover"
"1186",1478,27.03,"Hardcover"
"1187",2262,15.99,"Hardcover"
"1188",9544,19.29,"Paperback"
"1189",2522,1.5,"Paperback"
"1190",712,15.77,"Hardcover"
"1191",4377,14.33,"Paperback"
"1192",1585,10.32,"Hardcover"
"1193",24964,9.49,"Hardcover"
"1194",8091,0.94,"Paperback"
"1195",11874,0.36,"Hardcover"
"1196",20793,0.01,"Paperback"
"1197",4348,0.75,"Hardcover"
"1198",6425,18.7,"Hardcover"
"1199",7621,14.89,"Hardcover"
"1200",14891,0.65,"Paperback"
"1201",7368,3.95,"Paperback"
"1202",5568,15.85,"Hardcover"
"1203",3369,0.01,"Paperback"
"1204",3275,0.59,"Hardcover"
"1205",1036,18,"Paperback"
"1206",3974,11.98,"Hardcover"
"1207",6409,12.79,"Paperback"
"1208",7368,16.9,"Hardcover"
"1209",22441,2.85,"Paperback"
"1210",13840,25,"Hardcover"
"1211",3851,16.65,"Hardcover"
"1212",21614,0.35,"Hardcover"
"1213",4705,1.35,"Paperback"
"1214",367,12.95,"Hardcover"
"1215",232,10.49,"Paperback"
"1216",2927,0.59,"Hardcover"
"1217",4336,75.4,"Hardcover"
"1218",712,15.77,"Hardcover"
"1219",4957,9.99,"Paperback"
"1220",8085,21.8,"Hardcover"
"1221",12187,15.89,"Hardcover"
"1222",1286,35.02,"Paperback"
"1223",9292,12.57,"Paperback"
"1224",3511,20.94,"Mass Market Paperback"
"1225",1912,24.99,"Hardcover"
"1226",1089,0.36,"Hardcover"
"1227",1771,18.35,"Hardcover"
"1228",2561,1,"Paperback"
"1229",14891,1.51,"Hardcover"
"1230",2422,11.92,"Paperback"
"1231",1878,1.09,"Hardcover"
"1232",3603,14,"Paperback"
"1233",2155,17,"Paperback"
"1234",1855,23.95,"Hardcover"
"1235",66271,13.88,"Paperback"
"1236",9633,14.4,"Hardcover"
"1237",1709,14.79,"Hardcover"
"1238",929,0.25,"Hardcover"
"1239",566,11.25,"Paperback"
"1240",468,0.98,"Hardcover"
"1241",1188,19.42,"Hardcover"
"1242",495,0.4,"Paperback"
"1243",1018,27.5,"Hardcover"
"1244",1199,32.28,"Hardcover"
"1245",10209,14.93,"Hardcover"
"1246",4006,0.94,"Paperback"
"1247",14849,12.5,"Paperback"
"1248",6425,379.99,"Hardcover"
"1249",4614,1.97,"Paperback"
"1250",2927,0.55,"Hardcover"
"1251",1135,0.94,"Paperback"
"1252",607,1.49,"Paperback"
"1253",2750,26,"Hardcover"
"1254",994,18.72,"Hardcover"
"1255",1114,30.29,"Hardcover"
"1256",583,18.49,"Hardcover"
"1257",8578,0.94,"Paperback"
"1258",1559,7.87,"Hardcover"
"1259",3511,1.18,"Paperback"
"1260",1619,8,"Hardcover"
"1261",238,13.49,"Paperback"
"1262",3477,14.93,"Paperback"
"1263",691,12.49,"Paperback"
"1264",2421,13.99,"Paperback"
"1265",279,8.9,"Hardcover"
"1266",1568,7.52,"Hardcover"
"1267",3253,2.83,"Hardcover"
"1268",3295,17.27,"Hardcover"
"1269",509,16.88,"Hardcover"
"1270",269,9.99,"Hardcover"
"1271",395,14.49,"Hardcover"
"1272",11309,0.98,"Paperback"
"1273",620,13.36,"Paperback"
"1274",5585,18,"Hardcover"
"1275",615,9.33,"Hardcover"
"1276",34503,4.69,"Paperback"
"1277",3099,16.99,"Hardcover"
"1278",13441,0.51,"Paperback"
"1279",534,19.7,"Paperback"
"1280",256,29.96,"Paperback"
"1281",6262,29.99,"Paperback"
"1282",26303,0.94,"Paperback"
"1283",2269,14.29,"Hardcover"
"1284",2101,11.89,"Hardcover"
"1285",5899,15.82,"Hardcover"
"1286",1869,0.94,"Paperback"
"1287",1700,13,"Hardcover-spiral"
"1288",3059,15.98,"Hardcover"
"1289",4630,16.98,"Hardcover"
"1290",43137,39.27,"Paperback"
"1291",1878,24.49,"Hardcover"
"1292",1744,0.99,"Paperback"
"1293",13441,30.99,"Paperback"
"1294",19689,1.88,"Hardcover"
"1295",21614,0.35,"Hardcover"
"1296",6409,12.79,"Paperback"
"1297",12187,15.89,"Hardcover"
"1298",4630,16.98,"Hardcover"
"1299",1700,13,"Hardcover-spiral"
"1300",3974,11.98,"Hardcover"
"1301",9292,12.57,"Paperback"
"1302",5568,15.85,"Hardcover"
"1303",743,8.72,"Hardcover"
"1304",712,15.77,"Hardcover"
"1305",395,14.49,"Hardcover"
"1306",3369,0.01,"Paperback"
"1307",720,14.75,"Hardcover"
"1308",3851,16.65,"Hardcover"
"1309",8578,0.94,"Paperback"
"1310",14849,12.5,"Paperback"
"1311",232,10.49,"Paperback"
"1312",11309,0.98,"Paperback"
"1313",411,10.19,"Hardcover"
"1314",7621,14.89,"Hardcover"
"1315",1286,35.02,"Paperback"
"1316",4516,30.76,"Hardcover"
"1317",21614,14.75,"Audio CD"
"1318",1199,32.28,"Hardcover"
"1319",4006,0.94,"Paperback"
"1320",3330,16.15,"Hardcover"
"1321",3603,14,"Paperback"
"1322",2498,7.3,"Paperback"
"1323",1345,0.63,"Hardcover"
"1324",2027,16.25,"Hardcover"
"1325",3253,2.83,"Hardcover"
"1326",9633,14.4,"Hardcover"
"1327",14631,11.11,"Hardcover"
"1328",471,79,"Audio CD"
"1329",7680,6.85,"Mass Market Paperback"
"1330",1878,24.49,"Hardcover"
"1331",691,12.49,"Paperback"
"1332",66271,13.88,"Paperback"
"1333",245,9.99,"Hardcover"
"1334",974,14.84,"Paperback"
"1335",489,14.45,"Hardcover"
"1336",2101,11.89,"Hardcover"
"1337",2269,14.29,"Hardcover"
"1338",934,21.55,"Hardcover"
"1339",1559,7.87,"Hardcover"
"1340",1880,0.36,"Hardcover"
"1341",944,10.94,"Hardcover"
"1342",2205,35,"Hardcover"
"1343",6782,18.2,"Hardcover"
"1344",647,17.99,"Hardcover"
"1345",7368,16.9,"Hardcover"
"1346",447,13.3,"Paperback"
"1347",866,16.44,"Hardcover"
"1348",8405,2.35,"Hardcover"
"1349",1380,19.6,"Hardcover"
"1350",238,13.49,"Paperback"
"1351",607,1.49,"Paperback"
"1352",418,10.94,"Hardcover"
"1353",495,0.4,"Paperback"
"1354",5604,0.94,"Paperback"
"1355",566,11.99,"Hardcover"
"1356",1908,0.25,"Paperback"
"1357",764,11.86,"Paperback"
"1358",2511,26.62,"Hardcover"
"1359",1412,9.87,"Hardcover"
"1360",2067,14.97,"Hardcover"
"1361",13441,30.99,"Paperback"
"1362",1379,19.87,"Paperback"
"1363",2733,0.35,"Paperback"
"1364",705,19.41,"Hardcover"
"1365",2919,1.47,"Paperback"
"1366",2383,14.88,"Paperback"
"1367",671,23.49,"Hardcover"
"1368",721,11.99,"Paperback"
"1369",3454,16.99,"Hardcover"
"1370",256,29.96,"Paperback"
"1371",300,18.9,"Paperback"
"1372",1010,14.99,"Hardcover"
"1373",991,20.82,"Hardcover"
"1374",1483,16.99,"Hardcover"
"1375",973,23.54,"Hardcover"
"1376",3511,22.26,"Hardcover"
"1377",2247,1.18,"Paperback"
"1378",163,13.97,"Hardcover"
"1379",19689,3.54,"Hardcover"
"1380",593,12.21,"Hardcover"
"1381",659,16.95,"Hardcover"
"1382",2421,13.99,"Paperback"
"1383",36339,1.19,"Mass Market Paperback"
"1384",646,1.55,"Hardcover"
"1385",1158,38.09,"Hardcover"
"1386",2329,24.64,"Hardcover"
"1387",2087,12.21,"Hardcover"
"1388",588,20.99,"Paperback"
"1389",933,36.99,"Hardcover"
"1390",38610,0.99,"Paperback"
"1391",1861,9.28,"Hardcover"
"1392",5610,0.85,"Paperback"
"1393",752,23.3,"Hardcover"
"1394",3974,11.98,"Hardcover"
"1395",712,15.77,"Hardcover"
"1396",691,12.49,"Paperback"
"1397",489,14.45,"Hardcover"
"1398",2607,16,"Hardcover"
"1399",3851,16.65,"Hardcover"
"1400",593,12.21,"Hardcover"
"1401",743,8.72,"Hardcover"
"1402",5610,0.85,"Paperback"
"1403",4006,0.94,"Paperback"
"1404",1403,16.75,"Hardcover"
"1405",3511,22.26,"Hardcover"
"1406",2939,17.9,"Hardcover"
"1407",14849,12.5,"Paperback"
"1408",5604,13.79,"Hardcover"
"1409",707,17.3,"Hardcover"
"1410",364,16.45,"Hardcover"
"1411",232,10.49,"Paperback"
"1412",1286,35.02,"Paperback"
"1413",3764,15.89,"Hardcover"
"1414",9633,14.4,"Hardcover"
"1415",714,21.8,"Paperback"
"1416",38610,0.99,"Paperback"
"1417",2067,14.97,"Hardcover"
"1418",2087,12.21,"Hardcover"
"1419",6782,18.2,"Hardcover"
"1420",1908,0.25,"Paperback"
"1421",2561,17.99,"Hardcover"
"1422",66271,13.88,"Paperback"
"1423",1023,0.01,"Hardcover"
"1424",3603,14,"Paperback"
"1425",3145,0.65,"Paperback"
"1426",653,19,"Hardcover"
"1427",551,8.75,"Hardcover"
"1428",528,23,"Hardcover"
"1429",974,16.23,"Hardcover"
"1430",3729,31.1,"Hardcover"
"1431",1433,39.91,"Hardcover"
"1432",5444,0.94,"Paperback"
"1433",5552,0.94,"Paperback"
"1434",34503,20.1,"Mass Market Paperback"
"1435",659,16.95,"Hardcover"
"1436",1762,12,"Hardcover"
"1437",655,11.22,"Hardcover"
"1438",1425,0.94,"Hardcover"
"1439",11309,0.98,"Paperback"
"1440",193,16.95,"Paperback"
"1441",1483,16.99,"Hardcover"
"1442",554,12.86,"Hardcover"
"1443",607,1.49,"Paperback"
"1444",38489,1.11,"Paperback"
"1445",417,16.66,"Paperback"
"1446",588,20.99,"Paperback"
"1447",2149,16.9,"Hardcover"
"1448",238,13.49,"Paperback"
"1449",721,11.99,"Paperback"
"1450",2737,21.99,"Hardcover"
"1451",1493,8.89,"Hardcover"
"1452",147,1.61,"Paperback"
"1453",2498,7.3,"Paperback"
"1454",6330,13.66,"Paperback"
"1455",8583,0.01,"Hardcover"
"1456",769,25.98,"Hardcover"
"1457",860,22.49,"Hardcover"
"1458",1383,8.17,"Hardcover"
"1459",6576,2.27,"Paperback"
"1460",17081,0.35,"Hardcover"
"1461",495,0.4,"Paperback"
"1462",1219,17.99,"Hardcover"
"1463",2025,17.44,"Hardcover"
"1464",36339,1.19,"Mass Market Paperback"
"1465",13425,0.25,"Board book"
"1466",1614,20.51,"Hardcover"
"1467",9512,0.94,"Paperback"
"1468",4614,3.22,"Hardcover"
"1469",1063,11.99,"Hardcover"
"1470",889,29.82,"Hardcover"
"1471",4232,13.2,"Paperback"
"1472",7568,1.23,"Paperback"
"1473",753,17.38,"Hardcover"
"1474",9292,17.9,"Hardcover"
"1475",4856,2.99,"Hardcover"
"1476",435,3,"Hardcover"
"1477",1237,10.08,"Hardcover"
"1478",1881,0.94,"Paperback"
"1479",245,18,"Hardcover"
"1480",606,16.99,"Paperback"
"1481",8583,0.01,"Paperback"
"1482",928,13.7,"Hardcover"
"1483",1692,34.36,"Hardcover"
"1484",256,29.96,"Paperback"
"1485",893,15,"Hardcover"
"1486",3293,0.25,"Paperback"
"1487",595,37.21,"Hardcover"
"1488",233,16.15,"Hardcover"
"1489",1537,21.9,"Hardcover"
"1490",1472,21.2,"Hardcover"
"1491",3520,0.49,"Hardcover"
"1492",2789,31.78,"Imitation Leather"
"1493",2002,10.79,"Hardcover"
"1494",18171,15.8,"Hardcover"
"1495",707,17.3,"Hardcover"
"1496",1403,16.75,"Hardcover"
"1497",3974,11.98,"Hardcover"
"1498",593,12.21,"Hardcover"
"1499",14849,12.5,"Paperback"
"1500",3145,0.65,"Paperback"
"1501",5604,13.79,"Hardcover"
"1502",3472,20.85,"Hardcover"
"1503",712,15.77,"Hardcover"
"1504",1033,28.61,"Paperback"
"1505",4006,0.94,"Paperback"
"1506",3729,31.1,"Hardcover"
"1507",895,21.45,"Hardcover"
"1508",8583,0.01,"Hardcover"
"1509",3851,16.65,"Hardcover"
"1510",232,10.49,"Paperback"
"1511",3520,0.49,"Hardcover"
"1512",1714,31.91,"Hardcover"
"1513",9512,0.94,"Paperback"
"1514",1287,16.95,"Hardcover"
"1515",9633,14.4,"Hardcover"
"1516",3717,19.65,"Hardcover"
"1517",875,12,"Hardcover"
"1518",2737,21.99,"Hardcover"
"1519",905,2.05,"Hardcover"
"1520",477,0.01,"Paperback"
"1521",4614,3.22,"Hardcover"
"1522",889,29.82,"Hardcover"
"1523",3275,24.99,"Hardcover"
"1524",714,21.8,"Paperback"
"1525",1273,15,"Hardcover"
"1526",292,12.74,"Hardcover"
"1527",38610,0.99,"Paperback"
"1528",1286,35.02,"Paperback"
"1529",2503,21.89,"Hardcover"
"1530",659,16.95,"Hardcover"
"1531",6318,4.99,"Paperback"
"1532",2694,25,"Hardcover"
"1533",5444,0.94,"Paperback"
"1534",4232,13.2,"Paperback"
"1535",34503,20.1,"Mass Market Paperback"
"1536",1234,7.98,"Hardcover"
"1537",194,15.93,"Paperback"
"1538",2405,11.4,"Hardcover"
"1539",7362,10.85,"Paperback"
"1540",588,20.99,"Paperback"
"1541",421,17.99,"Paperback"
"1542",753,17.38,"Hardcover"
"1543",350,19.99,"Hardcover"
"1544",5389,28.58,"Paperback"
"1545",410,11.02,"Hardcover"
"1546",6368,166.17,"Hardcover"
"1547",1483,16.99,"Hardcover"
"1548",3915,13.99,"Paperback"
"1549",2433,12.75,"Hardcover"
"1550",66271,13.88,"Paperback"
"1551",7259,9,"Hardcover"
"1552",715,13.7,"Hardcover"
"1553",1425,0.94,"Hardcover"
"1554",653,19,"Hardcover"
"1555",1219,17.99,"Hardcover"
"1556",2720,18.88,"Hardcover"
"1557",1004,19.77,"Hardcover"
"1558",1732,14.9,"Hardcover"
"1559",2015,25.4,"Hardcover"
"1560",518,11.91,"Paperback"
"1561",3603,14,"Paperback"
"1562",721,11.99,"Paperback"
"1563",934,14.93,"Hardcover"
"1564",9952,4.75,"Hardcover"
"1565",5356,14.29,"Hardcover"
"1566",38489,1.11,"Paperback"
"1567",7568,1.23,"Paperback"
"1568",928,13.7,"Hardcover"
"1569",607,1.49,"Paperback"
"1570",1223,10.99,"Paperback"
"1571",18171,1.55,"Audio CD"
"1572",492,21.95,"Hardcover"
"1573",660,29.95,"Paperback"
"1574",715,23,"Hardcover"
"1575",316,9.5,"Hardcover"
"1576",312,1.29,"Paperback"
"1577",872,24.65,"Hardcover"
"1578",495,0.4,"Paperback"
"1579",892,0.25,"Hardcover"
"1580",446,13.39,"Hardcover"
"1581",1479,10.75,"Hardcover"
"1582",1570,16,"Hardcover"
"1583",13425,0.25,"Board book"
"1584",657,11.64,"Hardcover"
"1585",2157,16.75,"Hardcover"
"1586",17081,0.35,"Hardcover"
"1587",2149,16.9,"Hardcover"
"1588",683,12.93,"Hardcover"
"1589",11868,0.35,"Paperback"
"1590",260,5.52,"Novelty Book"
"1591",683,17.78,"Hardcover"
"1592",2199,33.83,"Hardcover"
"1593",4850,2.01,"Paperback"
"1594",8583,0.01,"Hardcover"
"1595",875,12,"Hardcover"
"1596",3974,11.98,"Hardcover"
"1597",2405,11.4,"Hardcover"
"1598",808,34.99,"Hardcover"
"1599",2157,16.75,"Hardcover"
"1600",7259,9,"Hardcover"
"1601",18171,15.8,"Hardcover"
"1602",6318,4.99,"Paperback"
"1603",2433,12.75,"Hardcover"
"1604",3729,31.1,"Hardcover"
"1605",2838,13.3,"Hardcover"
"1606",541,0.26,"Paperback"
"1607",712,15.77,"Hardcover"
"1608",100,7.5,"Paperback"
"1609",9633,14.4,"Hardcover"
"1610",427,11.99,"Hardcover"
"1611",1691,9.99,"Hardcover"
"1612",492,21.95,"Hardcover"
"1613",264,18.04,"Hardcover"
"1614",659,16.95,"Hardcover"
"1615",3851,16.65,"Hardcover"
"1616",912,1.35,"Hardcover"
"1617",7362,10.85,"Paperback"
"1618",11868,0.35,"Paperback"
"1619",767,16,"Hardcover"
"1620",38610,0.99,"Paperback"
"1621",1299,11.9,"Hardcover"
"1622",4192,8.97,"Mass Market Paperback"
"1623",392,10.6,"Hardcover"
"1624",14849,12.5,"Paperback"
"1625",1129,26.95,"Hardcover"
"1626",6199,25.99,"Paperback"
"1627",9512,0.94,"Paperback"
"1628",139,10.67,"Mass Market Paperback"
"1629",1937,16.98,"Hardcover"
"1630",1976,13.74,"Hardcover"
"1631",1483,16.99,"Hardcover"
"1632",518,11.91,"Paperback"
"1633",871,12.97,"Paperback"
"1634",2274,34.65,"Hardcover"
"1635",1842,18.78,"Hardcover"
"1636",1098,23.57,"Hardcover"
"1637",2733,13.82,"Paperback"
"1638",154,13.7,"Hardcover"
"1639",5444,0.94,"Paperback"
"1640",3145,39.4,"Hardcover"
"1641",3362,33.55,"Hardcover"
"1642",665,12.39,"Hardcover"
"1643",34503,20.1,"Mass Market Paperback"
"1644",1219,17.99,"Hardcover"
"1645",588,20.99,"Paperback"
"1646",282,13.67,"Hardcover"
"1647",7510,0.25,"Board book"
"1648",13411,4,"Hardcover"
"1649",206,14.99,"Hardcover"
"1650",275,8.96,"Hardcover"
"1651",4006,0.94,"Paperback"
"1652",6992,2.83,"Hardcover"
"1653",4864,14.55,"Paperback"
"1654",753,17.38,"Hardcover"
"1655",6318,26.33,"Hardcover"
"1656",805,14.56,"Hardcover"
"1657",1657,24.49,"Hardcover"
"1658",4232,13.2,"Paperback"
"1659",668,18.5,"Hardcover"
"1660",843,4.9,"Paperback"
"1661",1131,18.52,"Hardcover"
"1662",545,17.95,"Paperback"
"1663",2737,16.45,"Hardcover"
"1664",928,13.7,"Hardcover"
"1665",256,16.8,"Hardcover"
"1666",198,14.97,"Hardcover"
"1667",39,1.6,"Paperback"
"1668",1157,13.14,"Hardcover"
"1669",1476,14,"Hardcover"
"1670",906,14.67,"Hardcover"
"1671",1123,31.95,"Hardcover"
"1672",66271,13.88,"Paperback"
"1673",147,13.59,"Hardcover"
"1674",724,23.9,"Hardcover"
"1675",20249,1.88,"Hardcover"
"1676",721,11.99,"Paperback"
"1677",2160,8.99,"Hardcover"
"1678",249,11.7,"Hardcover"
"1679",275,12.96,"Hardcover"
"1680",38489,1.11,"Paperback"
"1681",963,0.25,"Board book"
"1682",278,64,"Hardcover"
"1683",17081,0.35,"Hardcover"
"1684",1380,8.06,"Hardcover"
"1685",240,15.4,"Hardcover"
"1686",607,1.49,"Paperback"
"1687",1234,7.98,"Hardcover"
"1688",657,11.64,"Hardcover"
"1689",13425,0.25,"Board book"
"1690",772,22.88,"Hardcover"
"1691",884,15.16,"Hardcover"
"1692",1797,8,"Hardcover"
"1693",386,14.99,"Hardcover"
"1694",20249,1.88,"Hardcover"
"1695",8583,0.01,"Hardcover"
"1696",2405,11.4,"Hardcover"
"1697",3974,11.98,"Hardcover"
"1698",3729,31.1,"Hardcover"
"1699",2160,8.99,"Hardcover"
"1700",7362,10.85,"Paperback"
"1701",7259,9,"Hardcover"
"1702",9633,14.4,"Hardcover"
"1703",659,16.95,"Hardcover"
"1704",2133,0.35,"Paperback"
"1705",712,15.77,"Hardcover"
"1706",11868,0.35,"Paperback"
"1707",1764,13.68,"Paperback"
"1708",6992,2.83,"Hardcover"
"1709",1501,17.1,"Hardcover"
"1710",857,16.98,"Hardcover"
"1711",667,14.7,"Paperback"
"1712",392,10.6,"Hardcover"
"1713",6318,4.99,"Paperback"
"1714",1483,16.99,"Hardcover"
"1715",814,12.85,"Hardcover"
"1716",5838,19.9,"Hardcover"
"1717",2486,18.58,"Hardcover"
"1718",662,9.15,"Hardcover"
"1719",4491,15.14,"Paperback"
"1720",6199,25.99,"Paperback"
"1721",1254,13.59,"Hardcover"
"1722",909,13.19,"Paperback"
"1723",38610,0.99,"Paperback"
"1724",3851,16.65,"Hardcover"
"1725",1569,22.75,"Hardcover"
"1726",1091,0.5,"Paperback"
"1727",197,10.16,"Hardcover"
"1728",1219,17.99,"Hardcover"
"1729",5444,0.94,"Paperback"
"1730",123,18.85,"Hardcover"
"1731",2590,34.9,"Hardcover"
"1732",647,20.98,"Hardcover"
"1733",22441,2.41,"Hardcover"
"1734",1115,0.25,"Hardcover"
"1735",369,16.9,"Hardcover"
"1736",185,12.99,"Paperback"
"1737",2971,7.94,"Paperback"
"1738",34503,20.1,"Mass Market Paperback"
"1739",2527,0.01,"Paperback"
"1740",4511,25.48,"Hardcover"
"1741",393,15.96,"Hardcover"
"1742",7510,0.25,"Board book"
"1743",648,10.17,"Paperback"
"1744",2074,11.98,"Paperback"
"1745",588,20.99,"Paperback"
"1746",1433,15,"Hardcover"
"1747",928,13.7,"Hardcover"
"1748",12563,21.5,"Mass Market Paperback"
"1749",31511,0.94,"Board book"
"1750",4006,0.94,"Paperback"
"1751",1158,35.5,"Hardcover"
"1752",1320,14.99,"Hardcover"
"1753",5576,15.59,"Hardcover"
"1754",840,9.59,"Mass Market Paperback"
"1755",437,8.99,"Hardcover"
"1756",4192,8.97,"Mass Market Paperback"
"1757",96,11.95,"Hardcover"
"1758",483,12.35,"Hardcover"
"1759",9737,8.49,"Paperback"
"1760",188,12.79,"Paperback"
"1761",335,14.19,"Paperback"
"1762",424,0.25,"Hardcover"
"1763",2191,23,"Hardcover"
"1764",22027,0.94,"Board book"
"1765",20249,1.98,"Hardcover"
"1766",7568,5.32,"Hardcover"
"1767",2225,8.99,"Paperback"
"1768",2489,159.99,"Hardcover"
"1769",267,19.55,"Hardcover"
"1770",518,11.91,"Paperback"
"1771",17081,0.35,"Hardcover"
"1772",66271,13.88,"Paperback"
"1773",721,11.99,"Paperback"
"1774",1688,0.01,"Hardcover"
"1775",1703,11.99,"Paperback"
"1776",2384,10.78,"Paperback"
"1777",420,30.69,"Paperback"
"1778",38489,1.11,"Paperback"
"1779",11868,16.23,"Hardcover"
"1780",3616,2.36,"Hardcover"
"1781",13425,0.25,"Board book"
"1782",20249,3.98,"Audio CD"
"1783",122,18,"Paperback"
"1784",164,14.55,"Hardcover"
"1785",599,12.49,"Hardcover"
"1786",1391,13,"Hardcover"
"1787",2490,11.03,"Paperback"
"1788",3825,0.25,"Paperback"
"1789",227,12,"Hardcover"
"1790",879,22.9,"Paperback"
"1791",152,6.97,"Paperback"
"1792",166,15.5,"Hardcover"
"1793",211,18,"Hardcover"
"1794",3974,11.98,"Hardcover"
"1795",9633,14.4,"Hardcover"
"1796",5838,19.9,"Hardcover"
"1797",1483,16.99,"Hardcover"
"1798",909,13.19,"Paperback"
"1799",1075,11.21,"Hardcover"
"1800",653,14.5,"Hardcover"
"1801",659,16.95,"Hardcover"
"1802",1951,18.04,"Hardcover"
"1803",712,15.77,"Hardcover"
"1804",174,12,"Hardcover"
"1805",160,9.99,"Hardcover"
"1806",38610,0.99,"Paperback"
"1807",1219,17.99,"Hardcover"
"1808",2384,18.94,"Hardcover"
"1809",1198,17.49,"Hardcover"
"1810",827,11.36,"Hardcover"
"1811",737,16.59,"Hardcover"
"1812",1345,20.48,"Hardcover"
"1813",2002,12.93,"Hardcover"
"1814",22441,2.41,"Hardcover"
"1815",1158,35.5,"Hardcover"
"1816",6199,25.99,"Paperback"
"1817",195,18.99,"Hardcover"
"1818",54,15.85,"Hardcover"
"1819",12563,21.5,"Mass Market Paperback"
"1820",1667,16.4,"Hardcover"
"1821",194,18.53,"Hardcover"
"1822",234,16.7,"Hardcover"
"1823",228,13,"Hardcover"
"1824",122,45.99,"Hardcover"
"1825",2133,0.35,"Paperback"
"1826",5444,0.94,"Paperback"
"1827",515,14.85,"Hardcover"
"1828",485,15.49,"Hardcover"
"1829",923,28.78,"Hardcover"
"1830",38489,1.11,"Paperback"
"1831",11868,16.23,"Hardcover"
"1832",1533,8,"Hardcover"
"1833",1114,10,"Hardcover"
"1834",480,15,"Hardcover"
"1835",4511,25.48,"Hardcover"
"1836",588,20.99,"Paperback"
"1837",928,13.7,"Hardcover"
"1838",2527,0.01,"Paperback"
"1839",666,17.99,"Paperback"
"1840",2517,24.99,"Hardcover"
"1841",758,17.39,"Hardcover"
"1842",1036,0.94,"Paperback"
"1843",469,6.31,"Hardcover"
"1844",335,19.5,"Hardcover"
"1845",109,16.2,"Hardcover"
"1846",28,0.97,"Paperback"
"1847",723,45,"Hardcover"
"1848",159,15.99,"Hardcover"
"1849",574,13.9,"Hardcover"
"1850",2225,8.99,"Paperback"
"1851",34503,20.1,"Mass Market Paperback"
"1852",2822,20.53,"Hardcover"
"1853",1444,18.98,"Hardcover"
"1854",736,1.67,"Hardcover"
"1855",120,0.01,"Paperback"
"1856",648,10.17,"Paperback"
"1857",4513,14.98,"Paperback"
"1858",637,5.43,"Hardcover"
"1859",945,0.01,"Paperback"
"1860",3851,16.65,"Hardcover"
"1861",571,10.55,"Paperback"
"1862",111,21,"Hardcover"
"1863",66,5.98,"Hardcover"
"1864",1772,0.94,"Mass Market Paperback"
"1865",724,12.77,"Hardcover"
"1866",4006,0.94,"Paperback"
"1867",1317,37.75,"Hardcover"
"1868",13425,0.25,"Board book"
"1869",34,35,"Spiral-bound"
"1870",585,12.85,"Paperback"
"1871",420,30.69,"Paperback"
"1872",2971,7.94,"Paperback"
"1873",786,14.8,"Hardcover"
"1874",128,19.95,"Plastic Comb"
"1875",428,17.2,"Hardcover"
"1876",770,16.79,"Hardcover"
"1877",359,9.9,"Hardcover"
"1878",131,27.89,"Hardcover"
"1879",879,22.9,"Paperback"
"1880",31511,0.94,"Board book"
"1881",205,14.75,"Hardcover"
"1882",64,21.75,"Paperback"
"1883",435,9.99,"Paperback"
"1884",22027,0.94,"Board book"
"1885",12563,55,"Paperback"
"1886",1091,14.99,"Hardcover"
"1887",446,3.47,"Hardcover"
"1888",388,7.39,"Hardcover"
"1889",233,29.94,"Hardcover"
"1890",450,15,"Hardcover"
"1891",5387,17,"Paperback"
"1892",398,16.99,"Hardcover"
"1893",3852,11.99,"Hardcover"
"1894",9633,14.4,"Hardcover"
"1895",839,17.11,"Hardcover"
"1896",2517,24.99,"Hardcover"
"1897",515,14.85,"Hardcover"
"1898",1483,16.99,"Hardcover"
"1899",2161,7.99,"Hardcover"
"1900",4186,2.33,"Hardcover"
"1901",1158,35.5,"Hardcover"
"1902",38610,0.99,"Paperback"
"1903",4513,14.98,"Paperback"
"1904",2550,17.59,"Hardcover"
"1905",1988,9.9,"Hardcover"
"1906",38489,1.11,"Paperback"
"1907",2614,15.49,"Hardcover"
"1908",4345,1.21,"Paperback"
"1909",712,15.77,"Hardcover"
"1910",692,13.21,"Paperback"
"1911",1219,17.99,"Hardcover"
"1912",648,13.36,"Hardcover"
"1913",161,12.97,"Hardcover"
"1914",435,9.99,"Paperback"
"1915",2968,20.25,"Hardcover"
"1916",1764,19.43,"Hardcover"
"1917",12563,55,"Paperback"
"1918",566,13.09,"Hardcover"
"1919",6199,25.99,"Paperback"
"1920",12563,21.5,"Mass Market Paperback"
"1921",950,17.95,"Hardcover"
"1922",26163,0.99,"Paperback"
"1923",1977,12.99,"Paperback"
"1924",369,6.45,"Hardcover"
"1925",4774,11.46,"Hardcover"
"1926",26163,12.25,"Hardcover"
"1927",737,16.59,"Hardcover"
"1928",10226,2.59,"Hardcover"
"1929",3974,11.98,"Hardcover"
"1930",1298,27.16,"Hardcover"
"1931",1293,21.12,"Hardcover"
"1932",473,21.25,"Hardcover"
"1933",5444,0.94,"Paperback"
"1934",402,0.25,"Paperback"
"1935",82,12.88,"Hardcover"
"1936",473,13.76,"Hardcover"
"1937",2527,17.85,"Hardcover"
"1938",1032,25.69,"Hardcover"
"1939",736,1.67,"Hardcover"
"1940",111,21,"Hardcover"
"1941",1363,14.8,"Hardcover"
"1942",428,7.94,"Hardcover"
"1943",125,12.39,"Hardcover"
"1944",467,8,"Hardcover"
"1945",350,19.99,"Hardcover"
"1946",174,12,"Hardcover"
"1947",899,9.99,"Paperback"
"1948",588,20.99,"Paperback"
"1949",539,0.59,"Paperback"
"1950",73,18.2,"Paperback"
"1951",17443,5.76,"Paperback"
"1952",928,13.7,"Hardcover"
"1953",2225,8.99,"Paperback"
"1954",752,27.96,"Hardcover"
"1955",4006,19.99,"Hardcover"
"1956",566,18,"Hardcover"
"1957",9641,14.98,"Hardcover"
"1958",1818,19.9,"Hardcover"
"1959",4394,21,"Hardcover"
"1960",420,30.69,"Paperback"
"1961",153,11.99,"Paperback"
"1962",694,13.29,"Hardcover"
"1963",372,0.35,"Hardcover"
"1964",95,9.99,"Paperback"
"1965",465,3.44,"Paperback"
"1966",97,2.07,"Hardcover"
"1967",845,14.99,"Hardcover"
"1968",981,15.95,"Paperback"
"1969",5389,28.58,"Paperback"
"1970",2275,20.75,"Hardcover"
"1971",1033,28.61,"Paperback"
"1972",358,0.27,"Paperback"
"1973",87,10.72,"Paperback"
"1974",1376,1.09,"Paperback"
"1975",1613,15.49,"Paperback"
"1976",579,4,"Hardcover"
"1977",1570,0.67,"Hardcover"
"1978",364,10.93,"Hardcover"
"1979",454,17.02,"Hardcover"
"1980",1751,10.41,"Hardcover"
"1981",17081,0.35,"Hardcover"
"1982",333,9.8,"Hardcover"
"1983",15078,0.85,"Mass Market Paperback"
"1984",291,7,"Paperback"
"1985",22441,2.41,"Hardcover"
"1986",112,17.99,"Hardcover"
"1987",353,0.25,"Hardcover"
"1988",3852,11.99,"Hardcover"
"1989",760,12.64,"Hardcover"
"1990",376,1.27,"Paperback"
"1991",1268,18,"Hardcover"
"1992",565,17.49,"Paperback"
"1993",4186,2.33,"Hardcover"
"1994",9633,14.4,"Hardcover"
"1995",2614,15.49,"Hardcover"
"1996",26163,12.25,"Hardcover"
"1997",4774,11.46,"Hardcover"
"1998",1158,35.5,"Hardcover"
"1999",2066,15,"Hardcover"
"2000",791,5.48,"Hardcover"
"2001",4253,15,"Paperback"
"2002",38610,0.99,"Paperback"
"2003",4345,1.21,"Paperback"
"2004",9641,14.98,"Hardcover"
"2005",212,9.49,"Hardcover"
"2006",1772,14.99,"Hardcover"
"2007",3178,16.45,"Paperback"
"2008",364,10.93,"Hardcover"
"2009",38489,1.11,"Paperback"
"2010",1219,17.99,"Hardcover"
"2011",125,14.49,"Paperback"
"2012",402,0.25,"Paperback"
"2013",1144,19.99,"Hardcover"
"2014",718,8.23,"Hardcover"
"2015",6199,25.99,"Paperback"
"2016",1100,16.99,"Hardcover"
"2017",320,1.2,"Hardcover"
"2018",653,14.88,"Hardcover"
"2019",572,11.6,"Hardcover"
"2020",4006,19.99,"Hardcover"
"2021",949,10.48,"Hardcover"
"2022",402,16.99,"Paperback"
"2023",565,17.49,"Paperback"
"2024",46,1.6,"Paperback"
"2025",726,17.5,"Hardcover"
"2026",259,25.37,"Hardcover"
"2027",837,13.94,"Hardcover"
"2028",1376,14,"Hardcover"
"2029",1271,6.99,"Hardcover"
"2030",445,11.59,"Hardcover"
"2031",115,12.99,"Paperback"
"2032",634,0.36,"Hardcover"
"2033",804,27.55,"Hardcover"
"2034",4513,14.98,"Paperback"
"2035",1326,19.55,"Hardcover"
"2036",5444,0.94,"Paperback"
"2037",462,14.55,"Hardcover"
"2038",26163,0.99,"Paperback"
"2039",1056,0.35,"Mass Market Paperback"
"2040",250,16.75,"Paperback"
"2041",471,3.2,"Paperback"
"2042",953,42,"Hardcover"
"2043",427,0.25,"Mass Market Paperback"
"2044",58,12.99,"Hardcover"
"2045",5511,15.88,"Hardcover"
"2046",899,9.99,"Paperback"
"2047",2177,29,"Hardcover"
"2048",1483,16.99,"Hardcover"
"2049",801,0.25,"Mass Market Paperback"
"2050",228,32,"Paperback"
"2051",171,12.94,"Hardcover"
"2052",17081,0.35,"Hardcover"
"2053",2680,24.06,"Hardcover"
"2054",981,15.95,"Paperback"
"2055",566,18,"Hardcover"
"2056",588,20.99,"Paperback"
"2057",2133,27.27,"Mass Market Paperback"
"2058",1700,25.51,"Hardcover"
"2059",31,13.99,"Hardcover"
"2060",2133,0.01,"Paperback"
"2061",2225,25.31,"Hardcover"
"2062",3142,6.65,"Paperback"
"2063",44,19.98,"Paperback"
"2064",420,30.69,"Paperback"
"2065",54,16.89,"Hardcover"
"2066",372,0.35,"Hardcover"
"2067",145,14.99,"Hardcover"
"2068",137,12.71,"Hardcover"
"2069",87,10.72,"Paperback"
"2070",3925,3.46,"Hardcover"
"2071",38610,1.69,"Paperback"
"2072",3296,2,"Mass Market Paperback"
"2073",437,14,"Hardcover"
"2074",5389,28.58,"Paperback"
"2075",435,9.99,"Paperback"
"2076",928,13.7,"Hardcover"
"2077",138,9.99,"Hardcover"
"2078",2225,8.99,"Paperback"
"2079",1019,14.69,"Hardcover"
"2080",248,24.99,"Paperback"
"2081",825,21,"Hardcover"
"2082",171,14.5,"Hardcover"
"2083",239,24.73,"Paperback"
"2084",2810,1.67,"Hardcover"
"2085",365,9.12,"Paperback"
"2086",7696,29.98,"Hardcover"
"2087",1056,0.83,"Paperback"
"2088",2383,10.99,"Paperback"
"2089",9391,1.49,"Hardcover"
"2090",1091,0.5,"Paperback"
"2091",18,12.99,"Hardcover"
"2092",722,3.8,"Hardcover"
"2093",2614,15.49,"Hardcover"
"2094",26163,12.25,"Hardcover"
"2095",4774,11.46,"Hardcover"
"2096",248,24.99,"Paperback"
"2097",9641,14.98,"Hardcover"
"2098",9633,14.4,"Hardcover"
"2099",1271,6.99,"Hardcover"
"2100",427,0.25,"Mass Market Paperback"
"2101",2170,16.7,"Hardcover"
"2102",1158,35.5,"Hardcover"
"2103",2133,27.27,"Mass Market Paperback"
"2104",3296,21.63,"Hardcover"
"2105",4340,0.35,"Paperback"
"2106",1019,14.69,"Hardcover"
"2107",4345,1.21,"Paperback"
"2108",1520,23.74,"Hardcover"
"2109",984,14.8,"Paperback"
"2110",624,0.93,"Mass Market Paperback"
"2111",79,59.98,"Hardcover"
"2112",1338,13.88,"Paperback"
"2113",1021,12.69,"Hardcover"
"2114",82,25.95,"Hardcover"
"2115",3178,16.45,"Paperback"
"2116",1219,17.99,"Hardcover"
"2117",73,7.35,"Hardcover"
"2118",1103,21.9,"Hardcover"
"2119",1074,19,"Hardcover"
"2120",6199,25.99,"Paperback"
"2121",1028,20,"Hardcover"
"2122",2800,13.97,"Hardcover"
"2123",188,41.73,"Paperback"
"2124",171,12.94,"Hardcover"
"2125",141,10,"Hardcover"
"2126",435,15,"Hardcover"
"2127",196,22,"Hardcover"
"2128",662,15.99,"Hardcover"
"2129",56,0.25,"Mass Market Paperback"
"2130",895,14.97,"Paperback"
"2131",6442,19.49,"Paperback"
"2132",9737,22.69,"Hardcover"
"2133",230,14.28,"Hardcover"
"2134",429,0.36,"Hardcover"
"2135",1003,16.95,"Paperback"
"2136",1076,23.69,"Hardcover"
"2137",22,48.9,"Hardcover"
"2138",462,14.55,"Hardcover"
"2139",625,10,"Hardcover"
"2140",3142,6.65,"Paperback"
"2141",381,1.38,"Paperback"
"2142",254,8.49,"Paperback"
"2143",246,0.25,"Paperback"
"2144",153,13.95,"Hardcover"
"2145",3412,0.4,"Paperback"
"2146",2187,2.52,"Hardcover"
"2147",766,25,"Paperback"
"2148",1091,0.5,"Paperback"
"2149",85,12.86,"Paperback"
"2150",144,10.38,"Hardcover"
"2151",3808,11.55,"Hardcover"
"2152",637,14.72,"Hardcover"
"2153",945,0.01,"Paperback"
"2154",369,11.97,"Hardcover"
"2155",550,32.32,"Hardcover"
"2156",1621,25.46,"Hardcover"
"2157",5517,14.5,"Hardcover"
"2158",566,18,"Hardcover"
"2159",38610,1.69,"Paperback"
"2160",136,19.62,"Paperback"
"2161",62,18.9,"Hardcover"
"2162",22,5,"Paperback"
"2163",1966,1.95,"Hardcover"
"2164",31,1.27,"Hardcover"
"2165",1656,27.47,"Hardcover"
"2166",646,16.2,"Hardcover"
"2167",622,3.88,"Hardcover"
"2168",365,9.12,"Paperback"
"2169",928,13.7,"Hardcover"
"2170",55,15.3,"Hardcover"
"2171",417,20.99,"Hardcover"
"2172",420,30.69,"Paperback"
"2173",4253,15,"Paperback"
"2174",981,15.95,"Paperback"
"2175",15,24.24,"Paperback"
"2176",232,0.97,"Hardcover"
"2177",29,13.99,"Hardcover"
"2178",3902,18.45,"Hardcover"
"2179",341,10.63,"Hardcover"
"2180",5389,28.58,"Paperback"
"2181",108,23.7,"Hardcover"
"2182",555,16.15,"Hardcover"
"2183",1474,0.25,"Mass Market Paperback"
"2184",215,8.99,"Paperback"
"2185",588,20.99,"Paperback"
"2186",803,12.83,"Paperback"
"2187",102,11.78,"Paperback"
"2188",1607,38.25,"Hardcover"
"2189",191,0.59,"Hardcover"
"2190",471,3.2,"Paperback"
"2191",124,13.48,"Hardcover"
"2192",250,7.93,"Paperback"
"2193",725,18.69,"Hardcover"
"2194",2275,18.44,"Hardcover"
"2195",9641,14.98,"Hardcover"
"2196",3419,25.86,"Hardcover"
"2197",945,0.01,"Paperback"
"2198",1271,6.99,"Hardcover"
"2199",171,13,"Hardcover"
"2200",82,25.95,"Hardcover"
"2201",1291,0.89,"Paperback"
"2202",803,12.83,"Paperback"
"2203",1663,10.44,"Hardcover"
"2204",1607,38.25,"Hardcover"
"2205",6199,25.99,"Paperback"
"2206",32,0.63,"Hardcover"
"2207",171,12.94,"Hardcover"
"2208",2114,19.25,"Hardcover"
"2209",85,12.86,"Paperback"
"2210",624,0.93,"Mass Market Paperback"
"2211",2020,2.07,"Hardcover"
"2212",2133,27.27,"Mass Market Paperback"
"2213",55,15.3,"Hardcover"
"2214",480,18.88,"Hardcover"
"2215",981,15.95,"Paperback"
"2216",4340,26.95,"Hardcover"
"2217",512,14.88,"Hardcover"
"2218",5517,14.5,"Hardcover"
"2219",3178,16.45,"Paperback"
"2220",389,17.54,"Hardcover"
"2221",681,14.99,"Hardcover"
"2222",1003,16.95,"Paperback"
"2223",56,8.19,"Hardcover"
"2224",4946,7.85,"Paperback"
"2225",5485,0.25,"Mass Market Paperback"
"2226",1613,19.89,"Hardcover"
"2227",562,24.98,"Hardcover"
"2228",6442,11.99,"Hardcover"
"2229",254,6.37,"Hardcover"
"2230",575,8.97,"Hardcover"
"2231",20,40.04,"Hardcover"
"2232",4253,22.97,"Hardcover"
"2233",473,12.99,"Paperback"
"2234",1573,17.28,"Hardcover"
"2235",801,0.25,"Mass Market Paperback"
"2236",22,2,"Paperback"
"2237",256,11.99,"Hardcover"
"2238",10,29.89,"Paperback"
"2239",74,0.36,"Hardcover"
"2240",458,19.45,"Hardcover"
"2241",566,18,"Hardcover"
"2242",420,30.69,"Paperback"
"2243",928,13.7,"Hardcover"
"2244",437,10,"Paperback"
"2245",40,3.25,"Paperback"
"2246",417,20.99,"Hardcover"
"2247",1246,17.73,"Hardcover"
"2248",490,35.03,"Hardcover"
"2249",137,26.97,"Paperback"
"2250",35,39.13,"Hardcover"
"2251",361,23.48,"Hardcover"
"2252",26,11.68,"Hardcover"
"2253",306,53.74,"Hardcover"
"2254",7092,22.52,"Hardcover"
"2255",47,18.61,"Hardcover"
"2256",1774,7.99,"Hardcover"
"2257",588,20.99,"Paperback"
"2258",1574,14.74,"Hardcover"
"2259",4774,11.46,"Hardcover"
"2260",264,9.67,"Paperback"
"2261",129,1.61,"Paperback"
"2262",58,17.4,"Hardcover"
"2263",1573,7.99,"Paperback"
"2264",23,19.49,"Hardcover"
"2265",766,25,"Paperback"
"2266",201,27.71,"Hardcover"
"2267",547,31.99,"Hardcover"
"2268",34,10,"Hardcover"
"2269",59,14.77,"Hardcover"
"2270",1114,23.99,"Hardcover"
"2271",4850,2.01,"Paperback"
"2272",424,12.5,"Paperback"
"2273",36,34.69,"Hardcover"
"2274",647,1.2,"Hardcover"
"2275",1194,24.15,"Hardcover"
"2276",1907,13.99,"Hardcover"
"2277",622,7.9,"Hardcover"
"2278",75,26.95,"Hardcover"
"2279",801,18.99,"Hardcover"
"2280",224,36.95,"Hardcover"
"2281",325,49.91,"Hardcover"
"2282",545,41.1,"Hardcover"
"2283",222,17.5,"Hardcover"
"2284",1237,20,"Hardcover"
"2285",1996,19.42,"Hardcover"
"2286",14,45,"Paperback"
"2287",56,16.25,"Hardcover"
"2288",42,10.96,"Paperback"
"2289",595,1.6,"Hardcover"
"2290",1103,21.9,"Hardcover"
"2291",383,14.99,"Paperback"
"2292",87,10.72,"Paperback"
"2293",1573,17.28,"Hardcover"
"2294",5485,14.39,"Hardcover"
"2295",801,18.99,"Hardcover"
"2296",1907,13.99,"Hardcover"
"2297",12,1.92,"Paperback"
"2298",58,48.39,"Hardcover"
"2299",32,24.95,"Hardcover"
"2300",1291,0.89,"Paperback"
"2301",149,29.86,"Hardcover"
"2302",165,5.99,"Paperback"
"2303",3608,19.03,"Hardcover"
"2304",85,12.86,"Paperback"
"2305",6442,11.99,"Hardcover"
"2306",10,29.89,"Paperback"
"2307",486,18.87,"Paperback"
"2308",3468,19.69,"Hardcover"
"2309",598,45.11,"Hardcover"
"2310",527,36,"Hardcover"
"2311",20,1.44,"Hardcover"
"2312",6199,25.99,"Paperback"
"2313",981,15.95,"Paperback"
"2314",1194,24.15,"Hardcover"
"2315",494,9.99,"Paperback"
"2316",389,60.9,"Hardcover"
"2317",6407,2.03,"Paperback"
"2318",98,20.45,"Hardcover"
"2319",65,13.94,"Hardcover"
"2320",459,14.95,"Hardcover"
"2321",231,2.31,"Hardcover"
"2322",523,15,"Hardcover"
"2323",2801,18,"Hardcover"
"2324",130,39.98,"Paperback"
"2325",2837,0.36,"Paperback"
"2326",1609,0.35,"Paperback"
"2327",146,0.25,"Paperback"
"2328",389,17.54,"Hardcover"
"2329",42,10.96,"Paperback"
"2330",342,18.75,"Hardcover"
"2331",5389,25,"Hardcover"
"2332",290,29.98,"Paperback"
"2333",201,27.71,"Hardcover"
"2334",2,15.6,"Hardcover"
"2335",257,36.41,"Hardcover"
"2336",4155,1.49,"Paperback"
"2337",3,1.9,"Paperback"
"2338",20,5.17,"Paperback"
"2339",93,27.53,"Hardcover"
"2340",21,2.11,"Hardcover"
"2341",14,16.93,"Hardcover"
"2342",198,14.87,"Paperback"
"2343",676,18.48,"Hardcover"
"2344",23,25.9,"Hardcover"
"2345",13,12.89,"Hardcover"
"2346",235,2.86,"Hardcover"
"2347",1190,17.39,"Hardcover"
"2348",1996,19.42,"Hardcover"
"2349",826,0.5,"Paperback"
"2350",458,19.45,"Hardcover"
"2351",220,52.99,"Hardcover"
"2352",360,18.7,"Hardcover"
"2353",1,1.95,"Paperback"
"2354",749,11.98,"Hardcover"
"2355",988,37.1,"Hardcover"
"2356",2136,0.99,"Paperback"
"2357",1114,23.99,"Hardcover"
"2358",67,16.89,"Hardcover"
"2359",15,10.41,"Hardcover"
"2360",2628,16.09,"Paperback"
"2361",1915,1.5,"Mass Market Paperback"
"2362",1574,14.74,"Hardcover"
"2363",86,3.49,"Hardcover"
"2364",2301,23.76,"Hardcover"
"2365",36,19.94,"Hardcover"
"2366",773,24.4,"Hardcover"
"2367",23921,1.2,"Mass Market Paperback"
"2368",539,35.77,"Hardcover"
"2369",738,0.5,"Paperback"
"2370",420,30.69,"Paperback"
"2371",9,24.98,"Hardcover"
"2372",132,38.73,"Paperback"
"2373",519,28.29,"Hardcover"
"2374",359,0.36,"Hardcover"
"2375",36,24.95,"Paperback"
"2376",11,6.89,"Paperback"
"2377",6262,12,"Paperback"
"2378",671,14.81,"Hardcover"
"2379",89,12.69,"Paperback"
"2380",411,1.6,"Hardcover"
"2381",56,89.93,"Hardcover"
"2382",14,39.56,"Paperback"
"2383",2,2.95,"Paperback"
"2384",570,35,"Paperback"
"2385",122,21.75,"Hardcover"
"2386",5319,7.72,"Hardcover"
"2387",79,0.25,"Paperback"
"2388",114,22.84,"Hardcover"
"2389",105,1.5,"Hardcover"
"2390",305,16.92,"Paperback"
"2391",1354,0.64,"Mass Market Paperback"
"2392",12,1.92,"Paperback"
"2393",1359,11.99,"Hardcover"
"2394",253,14.99,"Hardcover"
"2395",598,45.11,"Hardcover"
"2396",826,0.5,"Paperback"
"2397",238,22.19,"Hardcover"
"2398",1088,14,"Hardcover"
"2399",2,5.5,"Paperback"
"2400",74,13.68,"Hardcover"
"2401",206,44.85,"Hardcover"
"2402",58,48.39,"Hardcover"
"2403",98,20.45,"Hardcover"
"2404",69,15.9,"Hardcover"
"2405",2136,17,"Hardcover"
"2406",519,28.29,"Hardcover"
"2407",64,20,"Hardcover"
"2408",3,1.9,"Paperback"
"2409",23,1.78,"Paperback"
"2410",42,10.96,"Paperback"
"2411",10,29.89,"Paperback"
"2412",207,3.86,"Hardcover"
"2413",2,2.3,"Paperback"
"2414",106,20.84,"Paperback"
"2415",26,12.1,"Hardcover"
"2416",5,9.91,"Hardcover"
"2417",39,28.24,"Paperback"
"2418",1033,0.14,"Paperback"
"2419",838,27.33,"Paperback"
"2420",12,16,"Paperback"
"2421",13,39.38,"Hardcover"
"2422",1,9.95,"Paperback"
"2423",21,2.11,"Hardcover"
"2424",44,24.28,"Hardcover"
"2425",13046,0.94,"Mass Market Paperback"
"2426",130,39.98,"Paperback"
"2427",55,1.5,"Hardcover"
"2428",458,19.45,"Hardcover"
"2429",6199,25.99,"Paperback"
"2430",89,13,"Paperback"
"2431",251,0.25,"Paperback"
"2432",145,0.94,"Paperback"
"2433",13,15.3,"Hardcover"
"2434",19,4.39,"Paperback"
"2435",338,11.95,"Hardcover"
"2436",658,1.89,"Paperback"
"2437",58,20.99,"Paperback"
"2438",1915,1.5,"Mass Market Paperback"
"2439",1907,13.99,"Hardcover"
"2440",285,29.9,"Paperback"
"2441",1962,18.99,"Hardcover"
"2442",1499,0.45,"Mass Market Paperback"
"2443",568,12.9,"Hardcover"
"2444",4475,14.98,"Hardcover"
"2445",264,20.8,"Hardcover"
"2446",1,2.97,"Paperback"
"2447",92,16.99,"Hardcover"
"2448",9,1.05,"Hardcover"
"2449",226,16.79,"Hardcover"
"2450",264,1.49,"Paperback"
"2451",77,18.98,"Hardcover"
"2452",1721,2.24,"Hardcover"
"2453",1686,28.9,"Hardcover"
"2454",83,0.65,"Paperback"
"2455",368,16.99,"Paperback"
"2456",305,16.92,"Paperback"
"2457",258,12.89,"Hardcover"
"2458",927,2.24,"Mass Market Paperback"
"2459",15,19.87,"Hardcover"
"2460",5,4,"Paperback"
"2461",1080,0.94,"Paperback"
"2462",257,36.41,"Hardcover"
"2463",941,16.15,"Hardcover"
"2464",277,19.7,"Hardcover"
"2465",570,35,"Paperback"
"2466",1413,1.35,"Hardcover"
"2467",6033,39.99,"Hardcover"
"2468",294,8,"Hardcover"
"2469",46,3.4,"Paperback"
"2470",10,27.51,"Paperback"
"2471",20,0.25,"Paperback"
"2472",1,45,"Paperback"
"2473",223,14.99,"Hardcover"
"2474",53,39.75,"Hardcover"
"2475",23,13.75,"Hardcover"
"2476",60,13,"Hardcover"
"2477",1464,1.21,"Mass Market Paperback"
"2478",93,0.25,"Paperback"
"2479",1962,22.62,"Paperback"
"2480",41,7,"Hardcover"
"2481",5,22,"Paperback"
"2482",14,9.33,"Hardcover"
"2483",66,26.44,"Paperback"
"2484",166,19.66,"Hardcover"
"2485",5347,3.49,"Mass Market Paperback"
"2486",48,1.33,"Hardcover"
"2487",1,45,"Paperback"
"2488",4,24,"Hardcover"
"2489",122,35.66,"Hardcover"
"2490",49,21.9,"Hardcover"
"2491",16,1.49,"Mass Market Paperback"
"2492",89,19.25,"Hardcover"
"2493",1,0.66,"Paperback"
"2494",8,1.9,"Hardcover"
"2495",41,7,"Hardcover"
"2496",5,14.95,"Paperback"
"2497",5,49.98,"Paperback"
"2498",33,23.15,"Hardcover"
"2499",344,1.39,"Paperback"
"2500",927,14.11,"Hardcover"
"2501",1176,30.94,"Paperback"
"2502",235,2.35,"Mass Market Paperback"
"2503",414,24.22,"Hardcover"
"2504",587,11.5,"Paperback"
"2505",12,16,"Paperback"
"2506",130,51.24,"Paperback"
"2507",151,0.73,"Mass Market Paperback"
"2508",3124,27.49,"Hardcover"
"2509",23,39.75,"Paperback"
"2510",4475,14.98,"Hardcover"
"2511",668,1.49,"Mass Market Paperback"
"2512",213,1.34,"Mass Market Paperback"
"2513",1,2.99,"Mass Market Paperback"
"2514",161,1.99,"Paperback"
"2515",3,9.95,"Paperback"
"2516",41,125,"Hardcover"
"2517",5,22,"Paperback"
"2518",138,0.01,"Mass Market Paperback"
"2519",1033,0.14,"Paperback"
"2520",26,12.8,"Hardcover"
"2521",545,1.82,"Paperback"
"2522",98,20.45,"Hardcover"
"2523",22,36.97,"Paperback"
"2524",396,15.99,"Paperback"
"2525",1915,1.5,"Mass Market Paperback"
"2526",1114,49.9,"Paperback"
"2527",286,12.96,"Mass Market Paperback"
"2528",50,4.95,"Paperback"
"2529",61,1.88,"Paperback"
"2530",90,47.5,"Hardcover"
"2531",49,18.29,"Paperback"
"2532",75,17.95,"Hardcover"
"2533",652,0.36,"Hardcover"
"2534",257,22.34,"Hardcover"
"2535",1464,1.21,"Mass Market Paperback"
"2536",74,0.26,"Hardcover"
"2537",379,0.01,"Paperback"
"2538",1962,18.99,"Hardcover"
"2539",11,69.99,"Paperback"
"2540",49,34.9,"Hardcover"
"2541",345,19.46,"Hardcover"
"2542",1,3.64,"Paperback"
"2543",106,20.84,"Paperback"
"2544",111,16.87,"Hardcover"
"2545",33,2.05,"Hardcover"
"2546",87,34.12,"Paperback"
"2547",14,19.9,"Hardcover"
"2548",959,42.82,"Hardcover"
"2549",591,10.99,"Mass Market Paperback"
"2550",302,13.98,"Hardcover"
"2551",13,0.62,"Hardcover"
"2552",111,1.66,"Paperback"
"2553",20,2.5,"Paperback"
"2554",16,2.02,"Paperback"
"2555",2,2.3,"Paperback"
"2556",32,2.79,"Paperback"
"2557",176,16.96,"Paperback"
"2558",13,15.3,"Hardcover"
"2559",51,2.38,"Mass Market Paperback"
"2560",1,4,"Paperback"
"2561",129,2.18,"Hardcover"
"2562",204,4.62,"Hardcover"
"2563",5,5.97,"Paperback"
"2564",932,24.99,"Paperback"
"2565",4,2.85,"Hardcover"
"2566",14,2.99,"Paperback"
"2567",199,24.06,"Hardcover"
"2568",66,26.44,"Paperback"
"2569",633,33.89,"Hardcover"
"2570",1,1.68,"Paperback"
"2571",192,2.59,"Paperback"
"2572",290,1,"Hardcover"
"2573",262,14.32,"Paperback"
"2574",11,17.77,"Paperback"
"2575",10,2.34,"Hardcover"
"2576",3,9.99,"Paperback"
"2577",24,14.11,"Hardcover"
"2578",2835,28.89,"Mass Market Paperback"
"2579",8,3,"Paperback"
"2580",20,33.42,"Paperback"
"2581",612,11.99,"Hardcover"
"2582",68,15,"Hardcover"
"2583",435,16.5,"Hardcover"
